1205466239079976961;berlingraff;Fri Dec 13 12:35:22 +0000 2019;"OFF CREW: GIB DAS GELD SCHLAMPE @rawsofficial @fred.fearless ‚Äî #berlin #graffiti #berlingraffiti #graffitiberlin #fotoboom #bombing #berlinstreets #–≥—Ä–∞—Ñ—Ñ–∏—Ç–∏ ‚Äî ¬© BERLIN GRAFFITI ‚Äî FROM ""OFF CREW INTERVIEW"" ON https://t.co/iYfAvtdlyi https://t.co/DHTIjQ7sGN https://t.co/z03zIT8IhW";0
1205451075425316864;berlingraff;Fri Dec 13 11:35:07 +0000 2019;"GKOOL @futureboogie185 ‚Äî #berlin #graffiti #berlingraffiti #graffitiberlin #fotoboom #bombing #berlinstreets #–≥—Ä–∞—Ñ—Ñ–∏—Ç–∏ ‚Äî ¬© BERLIN GRAFFITI ‚Äî FROM ""FB SPECIAL #5"" ON https://t.co/iYfAvtdlyi https://t.co/nCAggZ2465 https://t.co/vGru8KQtE2";0
1205420907000451072;berlingraff;Fri Dec 13 09:35:14 +0000 2019;"CRIME MAT LITE ‚Äî #berlin #graffiti #berlingraffiti #graffitiberlin #bombing #berlintrains #trains #overkill #–≥—Ä–∞—Ñ—Ñ–∏—Ç–∏ ‚Äî TAKEN FROM ""OVERKILL #7"" ON https://t.co/7olIIvDHS2 https://t.co/0j8Dw9cVsA https://t.co/zchTf55vAE";0
1205411797790052352;graffiti_noxx;Fri Dec 13 08:59:02 +0000 2019;"""NOC"" Bio Graff https://t.co/46kJmmvlFL #Graffiti #cellograff #bombing https://t.co/PaqpSnJIbc Writers Life https://t.co/BBsalR1YIA";0
1205334511111802882;desderamona;Fri Dec 13 03:51:56 +0000 2019;"‚ÄòKilling of Pavel #Sheremet in 2016 car #bombing was attempt to destabilise country‚Äô

‚ÄúHe was given #Russian citizenship after fleeing persecution in #Belarus but relocated permanently to #Ukraine in 2014 after no longer feeling safe living in #Moscow.‚Äù‚Ä¶

https://t.co/wiUxIuSl1q";0
1205276324870406144;PulpNews;Fri Dec 13 00:00:43 +0000 2019;#Tsarnaev asks court to toss #Boston #Marathon #bombing conviction - Dec 12 @ 6:58 PM ET https://t.co/E6w8bkWCDy;0
1205194412558553092;berlingraff;Thu Dec 12 18:35:14 +0000 2019;"FB DTA @futureboogie185 ‚Äî #berlin #graffiti #berlingraffiti #graffitiberlin #fotoboom #bombing #berlinstreets #–≥—Ä–∞—Ñ—Ñ–∏—Ç–∏ ‚Äî ¬© BERLIN GRAFFITI ‚Äî FROM ""FB SPECIAL #4"" ON https://t.co/iYfAvtdlyi https://t.co/CSwbtLpJsE https://t.co/f78dG5gJ2t";0
1205170384242434048;graffiti_noxx;Thu Dec 12 16:59:45 +0000 2019;Bio Graff P1 https://t.co/6AgbES6bU9 #Jo one year https://t.co/Z2xmC5e8Qr #Graffiti #cellograff #bombing https://t.co/PaqpSnJIbc;0
1205148135758057472;cyberpeacecorps;Thu Dec 12 15:31:20 +0000 2019;"A new cyber crime called #OTP #Bombing is on the rise. Beware of the 'n' number of messages that you may receive that might crash your phone.  Be careful, be safe.

#CyberPeace #CyberPeaceCorps  #Cybersecurity https://t.co/V77Yb7qLYL";0
1205117821853798400;RealPhatsBlog;Thu Dec 12 13:30:53 +0000 2019;"Did the Marathon bomber get a fair trial in Boston? 
#Massachusetts
#Boston
#BostonMarathon
#DzhokharTsarnaev
#Bombing
#TamerlanTsarnaev
#1stUSCircuitCourtOfAppeals
#JudgeGeorgeOToole
#WalthamMurders
https://t.co/A0QkB3LUwU";0
1205088733701300225;berlingraff;Thu Dec 12 11:35:18 +0000 2019;"BOVER PUSH SIRCH ‚Äî #berlin #graffiti #berlingraffiti #graffitiberlin #bombing #berlintrains #trains #overkill #–≥—Ä–∞—Ñ—Ñ–∏—Ç–∏ ‚Äî TAKEN FROM ""OVERKILL #7"" ON https://t.co/7olIIvDHS2 https://t.co/hkZZ6jqlDp https://t.co/ihQ7yxYT4q";0
1205051477435305984;miriwood;Thu Dec 12 09:07:15 +0000 2019;"@UN_News_Centre @UN @khiari_khaled Who decides which countries may / may not have nukes?

Have US, France, UK ever been tried for actually #bombing civilians with them?";0
1205019285321658369;graffiti_noxx;Thu Dec 12 06:59:20 +0000 2019;PokemonGo Handy Wallpaper https://t.co/vOteOw2PNn #Graffiti #cellograff #bombing https://t.co/PaqpSnJIbc NOK stripes Graffiti https://t.co/zI7gHaovut;0
1204955003066232832;SuperBowlWs3547;Thu Dec 12 02:43:54 +0000 2019;"""@speakerpelosi"" &amp; @oliviawilde: @thr's act of #journalisticgratification upon the ""solemn"" #impeachmentFARCE leader.
https://t.co/V3F68L73eP
#nancypelosi called @realDonaldTrump a #coward &amp; an #impostor-who's engaged in a #coverup.
hey nance-your #charade is #bombing.
#drinkup‚§µ";0
1204930019828490241;katsndogs;Thu Dec 12 01:04:37 +0000 2019;@belalkh16 I am #WithSyria until every Syrian lives in freedom in an area where you all have  #FreeSpeech #HumanRightsDay #Human_Rights_Forever  #Freedom_From_The_COLD  #Freedom_From_The_Storm #Freedom_From_Bombing #Freedom_From_Starvation in a country with no #Bombing #NoAssad NoPutin;0
1204921183981969408;graffiti_noxx;Thu Dec 12 00:29:31 +0000 2019;"""NOC"" Bio Graff P5 https://t.co/8cUw52cIA8 #Bombing 
C Graff Tut Letter https://t.co/x0zwhV4i0E Give up or not ? https://t.co/s11xpYg2jQ";0
1204892367687430145;gabefogel2;Wed Dec 11 22:35:00 +0000 2019;More than 60 injured in a bombing attack on medical facility near US military base in Afghanistan  https://t.co/2NYYcrnwdM #Kabul #Afganistan #bombing;0
1204891351743156225;Rio1461;Wed Dec 11 22:30:58 +0000 2019;"New Graffiti video. Please check it out!

https://t.co/PLyuAGbi33

#graffiti #streetart #art #graffitiart #urbanart #graff #graffitiporn #spraypaint #photography #artist #street #streetphotography #artwork #hiphop #painting #bombing #paint #streetarteverywhere #arte #drawing #tag";0
1204868744130039808;BombingScience;Wed Dec 11 21:01:08 +0000 2019;"Geser @geser3a‚Å†
Cleaning out cans with clean lines‚Å†
#graffiti #graff #bombing https://t.co/mkdoXqjPb5 | https://t.co/OeJup6jjll";0
1204865840866136065;rufftvlive;Wed Dec 11 20:49:36 +0000 2019;"#Repost muralgraffitis
‚Ä¢ ‚Ä¢ ‚Ä¢ ‚Ä¢ ‚Ä¢ ‚Ä¢
What do you think about this can?üî•üî•üî•üî•by @AdamFujita 
Follow graffitimuralart .
.
.
.
.
.

#drawing #photooftheday #urban #throwup  #desing #throwie #bombing #loopcolors #tag‚Ä¶ https://t.co/WMtmGlUvi1";0
1204852085910454272;YNHallak;Wed Dec 11 19:54:57 +0000 2019;More than 60 injured in a #bombing attack on #medical facility near US military base in #Afghanistan  https://t.co/VItrCxCIQd;0
1204837273650581509;Weed14993556;Wed Dec 11 18:56:05 +0000 2019;"‚ûñ‚ûñOklam...ib viaüì≤Wickr:stoner75 
Via Whatsapp :+33756848490#terrain #weed #kush  #legalisation #chanvre #dessinanim√©¬† #cannabis #perso #letters #lettering #lettrage #bombing #bombe #aerosol #loop #loopcolors #sprayv #colors¬† #graff #graffiti #graffitigirl https://t.co/TvI7ISlFek";0
1204805528796499968;ProPhotography;Wed Dec 11 16:49:56 +0000 2019;"#Corbyn always #supports our #Enemies!  Number of times #JeremyCorbyn has #voted #against #anti #terror #legislation - 56
Number of times #JeremyCorbyn has condemned an #IRA #bombing - #ZERO!  #NeverCorbyn #EnemyOfThePeople 
#GE2019¬†¬†¬† #GeneralElection2019 https://t.co/O3te3mFGdj";0
1204757848925835265;Rio1461;Wed Dec 11 13:40:29 +0000 2019;"New Graffiti video. Please check it out!

https://t.co/HrwC1MLtBu

#graffiti #streetart #art #graffitiart #urbanart #graff #graffitiporn #spraypaint #photography #artist #street #streetphotography #artwork #hiphop #painting #bombing #paint #streetarteverywhere #arte #drawing #tag";0
1204722230443364352;epaphotos;Wed Dec 11 11:18:57 +0000 2019;"Afghans inspect a Mosque that was damaged during a car bombing near the US Bagram Air Base in #Bagram, #Afghanistan. At least five people were injured and an under-construction hospital close to the airfield was damaged. üì∑ epa-efe / Hedayatullah Amid

#bombing #epaphotos https://t.co/dmgvoJq9QI";0
1204711023753736192;PulpNews;Wed Dec 11 10:34:25 +0000 2019;Newspaper criticizes films take on Olympic #bombing coverage - Dec 11 @ 5:32 AM ET https://t.co/HjBxuGMY3T;0
1204699686868668417;tiniskwerl;Wed Dec 11 09:49:22 +0000 2019;"#Afghanistan #Bombing #Attack
Medical Facility Near #Bagram US #Military Air Base
Rpt 1 Dead/62 Injured/All Civilian
Suicide #Explosion N of #Kabul Northern #Parwan Province
Intel Rpt: Explosive Laden Vehicle Seized w/12 SuicideVests/2 AK47 Rifles/Grenades
https://t.co/70MhdYFGN1";0
1204674425112711168;PulpNews;Wed Dec 11 08:08:59 +0000 2019;Afghan official says a powerful #suicide #bombing has targeted a U.S. military convoy nea - Dec 11 @ 3:06 AM ET https://t.co/6OOnxvRESg;0
1204641951129190402;graffiti_noxx;Wed Dec 11 05:59:56 +0000 2019;#GraffSpotting #Jo one year https://t.co/Z2xmC5e8Qr #Graffiti #cellograff #bombing https://t.co/PaqpSnJIbc #graffiti #Sticker #aktion https://t.co/UQCWu6WHYK;0
1204635259255562240;PulpNews;Wed Dec 11 05:33:21 +0000 2019;Afghan official says a powerful #suicide #bombing has targeted a U.S. military convoy near - Dec 11 @ 12:30 AM ET https://t.co/SjtbyySCcl;0
1204633685074620418;PulpNews;Wed Dec 11 05:27:06 +0000 2019;#Afghanistan #suicide #bombing targets U.S. military convoy near Bagram Air Base - Dec 11 @ 12:21 AM ET https://t.co/AQrpg5Qs9K;0
1204588090423173120;PulpNews;Wed Dec 11 02:25:55 +0000 2019;Newspaper criticizes film's take on Olympic #bombing coverage - Dec 10 @ 9:21 PM ET https://t.co/nBz4A9gMc6;0
1204562043396902917;Rio1461;Wed Dec 11 00:42:25 +0000 2019;"My first Graffiti video. Please check it out!

https://t.co/J15oZ2aCzx

#graffiti #streetart #art #graffitiart #urbanart #graff #graffitiporn #spraypaint #photography #artist #street #streetphotography #artwork #hiphop #painting #bombing #paint #streetarteverywhere #arte #drawing";0
1204557668045721601;GSasianCdn;Wed Dec 11 00:25:02 +0000 2019;"Gurpreet Singh: Indian government visa for acquitted Air India suspect raises too many questions #India #AirIndia #Sikhs #Hindus #terrorism #BClaw #BJP #Vancouver #bombing #Kashmir #Khalistan
https://t.co/OMNSYoKo6R";0
1204527711273857024;LGcommaI;Tue Dec 10 22:26:00 +0000 2019;"@MelonCollieMoly @JaysonPuccetti @HarmlessYardDog I encountered similar anti-#German #hate recently; it appears that nowadays it is generally acceptable to‚Äïfrom the comfort of the 2010s‚Äïto #dehumanize the 1940s population of #Germany as the ""filthiest infestation of humanity"", the #bombing of which was not a #WarCrime: https://t.co/Sj5uyAzfFf";0
1204469209209675776;donaldjtuerrner;Tue Dec 10 18:33:32 +0000 2019;@BillOReilly Hilarious day for @DNC. They know #FakeImpeachmentHoax #BOMBING out, #AmericanPeople not behind them, @GOP messaging about #DoNothingDemocrats working, so they draft #ArticlesOfImpeachment b/c they‚Äôre too deep in to stop, but also hand @realDonaldTrump a win on #USMCA! #Implosion;0
1204458324466507777;berlingraff;Tue Dec 10 17:50:16 +0000 2019;"RCBEES ‚Äî #berlin #graffiti #berlingraffiti #graffitiberlin #fotoboom #bombing #stockholmgraffiti #stockholm #rcb #lyte #trains #–≥—Ä–∞—Ñ—Ñ–∏—Ç–∏ ‚Äî ¬© BERLIN GRAFFITI ‚Äî FROM ""LITE IN STOCKHOLM 1994"" ON https://t.co/iYfAvtdlyi https://t.co/9d3NQ2ylms https://t.co/2LSB4jRDoR";0
1204458022568910850;PulpNews;Tue Dec 10 17:49:04 +0000 2019;#Russian court jails 11 men over subway #suicide #bombing - Dec 10 @ 12:46 PM ET https://t.co/GkE2G0kgOY;0
1204434985597460480;NewsDotLaw1;Tue Dec 10 16:17:32 +0000 2019;"Boston marathon bomber appeals death sentence

Read more: https://t.co/KXgxalwIPK

#Boston #Bostonstrong #bombing https://t.co/4ltEDT4AgG";0
1204412497572302848;PulpNews;Tue Dec 10 14:48:10 +0000 2019;#Russian court jails 11 people over subway #suicide #bombing - Dec 10 @ 9:46 AM ET https://t.co/Axqj2oX6Gw;0
1204410647389167616;man_hoax;Tue Dec 10 14:40:49 +0000 2019;#7/7 #Ripple Effect 2 https://t.co/Wg7ECuiCLD #London #bombing #false #flag;0
1204400473547001856;Shadi_Alkasim;Tue Dec 10 14:00:24 +0000 2019;"#Russia sentences man to life in #prison for #StPetersburg #metro #bombing: #Ifax

https://t.co/IwFQCTMRwn";0
1204380631834255360;PulpNews;Tue Dec 10 12:41:33 +0000 2019;Leaders gather to temper the bonds made after the #bombing of #Pearl Harbor - Dec 10 @ 7:39 AM ET https://t.co/C641T3e5ma;0
1204359405690589185;EsiscTeam;Tue Dec 10 11:17:12 +0000 2019;"Russia: Man sentenced to life in #prison for #StPetersburg metro #bombing; 10 others sentenced to jail time #trial #terrorism https://t.co/xC5lEZVpv0";0
1204353904445657088;Jerusalem_Post;Tue Dec 10 10:55:21 +0000 2019;"#Russia sentences man to life in prison for #SaintPetersburg metro #bombing

üëâ https://t.co/oOJ2ZQducQ https://t.co/C9taq3ZSEV";0
1204350443234693120;Weed14993556;Tue Dec 10 10:41:36 +0000 2019;"‚ûñ‚ûñOklam...ib viaüì≤Wickr:stoner75 
Via Whatsapp :+33756848490 #terrain #weed #kush  #legalisation #chanvre #dessinanim√©¬† #cannabis #perso #letters #lettering #lettrage #bombing #bombe #aerosol #loop #loopcolors #sprayv #colors¬† #graff #graffiti #graffitigirl  #paris https://t.co/pGzXYpbru2";0
1204349576636968961;FacilesArgent;Tue Dec 10 10:38:09 +0000 2019;"‚ûñ‚ûñOklam...ib viaüì≤Wickr:stoner75 
Via Whatsapp :+33756848490 #terrain #weed #kush ¬† #legalisation #chanvre #dessinanim√©¬† #cannabis #perso #letters #lettering #lettrage #bombing #bombe #aerosol #loop #loopcolors #sprayv #colors¬† #graff #graffiti #graffitigirl   #paris https://t.co/eRqLgtbBCm";0
1204279538575908865;smutkoalex;Tue Dec 10 05:59:51 +0000 2019;"On this day:
10 December 

2016 - Terrorist bomb attacks outside a stadium in Istanbul kill 38 and injure 166
.
.
.
#bombing #terrorist #attack #istanbul https://t.co/YIMuZgfL06";0
1204220087932276737;GraffitiMexico_;Tue Dec 10 02:03:36 +0000 2019;"Style smellsüëÉüèª‚ú® #motick #myowntype #iracarnal #solidspraypaint #nomamesgaby #happyjoyjoy @xpressionpaint  @motickone .
.

#bombing #GrafftiMexico #GraffitiMexicano #Graffiti #GraffitiLife #GraffitiPorn‚Ä¶ https://t.co/7Zt35VL3oI";0
1204213357747822592;PulpNews;Tue Dec 10 01:36:52 +0000 2019;Newspaper of late journalist who outed #Richard #Jewell as #bombing #suspect demands retra - Dec 9 @ 8:34 PM ET https://t.co/6FVIIgf1DU;0
1204181761833365507;mike4ty4;Mon Dec 09 23:31:19 +0000 2019;@marcorubio @AOC @RashidaTlaib [19/25] That is, their concerns were, I'd say, rather more like those of U.S. liberal politicians regarding the U.S. #bombing ‚Äúwars on terrorism‚Äù than like WWII. Yes, that means #China did indeed do something objectionable here. You‚Äôre right, and it should be criticized.;0
1204158598101774337;graffiti_noxx;Mon Dec 09 21:59:16 +0000 2019;NOk Wall https://t.co/RPOpByCJAD #Graffiti #cellograff #bombing https://t.co/PaqpSnJIbc Bio Graff P5 https://t.co/sDi9jMtcxF;0
1204156434751070208;proroguethelies;Mon Dec 09 21:50:40 +0000 2019;@BorisJohnson No @afneil interview, gutless seriously gutless... Churchill, you couldn't shine his glasses... can ya imagine #boris  if Hitler was #bombing if he can't face an interview...;0
1204075544721137664;graffiti_noxx;Mon Dec 09 16:29:15 +0000 2019;"G Graff Letter Tut https://t.co/tE9JqdEyui #Bombing ""NOC"" Bio Graff https://t.co/46kJmmvlFL LIVED SPEEDART https://t.co/5BWpU5pYxj";0
1204058973013495808;NDickerson604;Mon Dec 09 15:23:24 +0000 2019;"First on CNN: Pentagon releases video of U.S. bombing 'millions' in ISIS cash as the money flies into the air and burns.

https://t.co/Pz7iop7ocZ

#cash #money #bombing";0
1204055797044588545;HPPulver;Mon Dec 09 15:10:46 +0000 2019;"#Friday the 13th 2019: How #Cyclones, #Asteroids and a #Buckingham #Palace #Bombing have fed the superstition&lt; https://t.co/GxiDk57XWL via @telegraphnews | But why is the day thought to bring bad luck and how have the origins led to the increase in #Paranoia? Here is everything..";0
1204037815983493120;graffiti_noxx;Mon Dec 09 13:59:19 +0000 2019;#Graffiti #cellograff #bombing https://t.co/PaqpSns6MC #graffiti #in #public https://t.co/vhwtrg3L7b H Graff Letter Tut https://t.co/tE9JqdW9lQ;0
1204033683218292736;Shadi_Alkasim;Mon Dec 09 13:42:54 +0000 2019;"#Taliban #claims #responsibility for #suicide #bombing in S. #Afghanistan amid #peace #talks with #US

https://t.co/99z4hPrZal";0
1204033683218292736;Shadi_Alkasim;Mon Dec 09 13:42:54 +0000 2019;"#Taliban #claims #responsibility for #suicide #bombing in S. #Afghanistan amid #peace #talks with #US

https://t.co/99z4hPrZal";0
1204000047018500096;graffiti_noxx;Mon Dec 09 11:29:15 +0000 2019;"NOk Wall https://t.co/RPOpByCJAD 
""NOC"" Bio Graff P1 https://t.co/kcv1XKwUCA NC Green canvas https://t.co/7cutUImaLm #Bombing";0
1203953372732305408;W420paris;Mon Dec 09 08:23:47 +0000 2019;"‚ûñ‚ûñOklam...ib viaüì≤Wickr:stoner75 
Via Whatsapp :+33756848490
Snapchat:weed6978#chanvre #dessinanim√©¬† #cannabis #perso #letters #lettering #lettrage #bombing #bombe #aerosol #loop #loopcolors #spray #colors #graff #graffiti #graffitigirl  #paris #painting #graffiti_art https://t.co/tbjtUOpnxV";0
1203874421372530695;decadesmatrix;Mon Dec 09 03:10:03 +0000 2019;The year 1945: Allied bombings of Tokyo and Dresden. Explore how this is connected in history at https://t.co/yRUFjCGI1w #WWII #WarCrime #Bombing #Morals https://t.co/J4bZVsVpfQ;0
1203873283529170944;bigdaddy6815;Mon Dec 09 03:05:32 +0000 2019;#tanking and #bombing because they #suck https://t.co/twWa449IeP;0
1203873283529170944;bigdaddy6815;Mon Dec 09 03:05:32 +0000 2019;#tanking and #bombing because they #suck https://t.co/twWa449IeP;0
1203774470235799556;RideAAlongPod;Sun Dec 08 20:32:53 +0000 2019;"CHECK OUT LATEST EPISODE OF THE @RideAAlongPod FT. @brettmercer_  LINK IN BIO!!! #rideaalong 

#comedy #funny  #lmao #detroitcomedy #comedian #hilarious #standupcomedy #michigancomedy #podcast #jokes #bombing #customer #sundayservice #sundaymorning https://t.co/JmiuChsxj4";0
1203773133234282496;ejwatson111;Sun Dec 08 20:27:34 +0000 2019;"CHECK OUT LATEST EPISODE OF THE @RideAAlongPod FT. @brettmercer_  LINK IN BIO!!! #rideaalong 

#comedy #funny  #lmao #detroitcomedy #comedian #hilarious #standupcomedy #michigancomedy #podcast #jokes #bombing #customer #sundayservice #sundaymorning https://t.co/N6ODsM6I96";0
1203758472044699650;graffiti_noxx;Sun Dec 08 19:29:19 +0000 2019;https://t.co/6SUtz6bDoO Blackbook Graff https://t.co/9LmJziKnWZ  Blackbook Graff NC Green canvas https://t.co/7cutUImaLm #Bombing;0
1203741191176458242;djoneinamillion;Sun Dec 08 18:20:39 +0000 2019;Who knows where I was? #oc #aroundtown #graffiti #tags #pieces spraypaint #markers #streak #bombing #igetaround #graffbathroom @ Orange County, California https://t.co/zKAO0tUrC5;0
1203692538592411648;berlingraff;Sun Dec 08 15:07:19 +0000 2019;"KEB1 @futureboogie185 ‚Äî #berlin #graffiti #berlingraffiti #graffitiberlin #fotoboom #bombing #berlinstreets #–≥—Ä–∞—Ñ—Ñ–∏—Ç–∏ ‚Äî ¬© BERLIN GRAFFITI ‚Äî FROM ""FB SPECIAL #6"" ON https://t.co/iYfAvtdlyi https://t.co/UmN9cEXA2X https://t.co/OEPhuCI8we";0
1203662340127887362;berlingraff;Sun Dec 08 13:07:19 +0000 2019;"FREEK ‚Äî #berlin #graffiti #berlingraffiti #graffitiberlin #fotoboom #bombing #berlinstreets #true2thegame #–≥—Ä–∞—Ñ—Ñ–∏—Ç–∏ ‚Äî TAKEN FROM ""TRUE 2 THE GAME #3"" (1998) ON https://t.co/KNWmZzsqrg https://t.co/Q0dohBjgGh https://t.co/iT3876DjWE";0
1203569745095806976;graffiti_noxx;Sun Dec 08 06:59:23 +0000 2019;#Graffiti #cellograff #bombing https://t.co/PaqpSnJIbc NC Green canvas https://t.co/7cutUImaLm https://t.co/DD0FI59psQ #graffiti #Canvas Long RAIN e2;0
1203554573815824384;graffiti_noxx;Sun Dec 08 05:59:06 +0000 2019;NOK Graffiti https://t.co/PuWfsGFRLy #Graffiti #cellograff #bombing https://t.co/PaqpSnJIbc https://t.co/1mf5mTrKKw Blackbook Graff;0
1203406361129672704;OscarBellozo;Sat Dec 07 20:10:09 +0000 2019;"Jesus is king ‚ô• 
.
.
.
.
#JesusIsKing #ARTcrew #278k #GraffitiTijuana #TijuanaGraffiti #TijuanaGraff #Graffiti #Bombing #ThrowUp #Tijuana #PuertoPe√±asco #GraffWars #Powser #Pow https://t.co/dj2OTipvGS";0
1203360190952812544;violrussell;Sat Dec 07 17:06:41 +0000 2019;"A #WWI novel set in #NewOrleans &amp; then moving to #France #Klors #Ireland #Belfast #Dublin #Galway #Prohibition #Bootlegging #Storyville #Easter1916  #IRA #Mafia #Bombing #SoulMatePublishing: https://t.co/IkfIWjtuOy https://t.co/Um6wS7Yora";0
1203303165241831424;RAWneighbors;Sat Dec 07 13:20:05 +0000 2019;On this day in #history #pearlharbor #hawaii #japan #bombing  https://t.co/cKabHhLX7u;0
1203297926925168640;graffiti_noxx;Sat Dec 07 12:59:16 +0000 2019;#SWC #Graffiti #Dreieck https://t.co/rhFF0LyaXr https://t.co/6SUtz6bDoO Blackbook Graff #Graffiti #cellograff #bombing https://t.co/PaqpSnJIbc;0
1203213451910434817;PulpNews;Sat Dec 07 07:23:36 +0000 2019;#Florida Man lurks in subtext of #Richard #Jewell book, movie on Olympic #bombing  #Fred G - Dec 7 @ 2:21 AM ET https://t.co/EAc6FTLQFc;0
1203131440822661122;BeenXXPired;Sat Dec 07 01:57:43 +0000 2019;"I would have no #Issues, if every #Bombing that takes place in #OtherParts of the #World; had as much #ScreenTime as the #USA shootings.

Don't be #Biased or #Selective when it comes to shit like that.

Release all the facts &amp; coverage on anything that violates people #lives...";0
1203098532921479168;Ksurfiws;Fri Dec 06 23:46:57 +0000 2019;"New Construction Staircase got me thinking about something else...
I can‚Äôt quite put my finger on it...
#bombing #shorebreak @ Beach Park (Tampa) https://t.co/k4W8EMD3IB";0
1203018648941674496;fastertagueur;Fri Dec 06 18:29:31 +0000 2019;"This is an interesting Angelina Kahlo by #msieurbonheur #monsieurbonheur #davidbonheur #angelinajolie #angelina #frida #fridakahlo 
#collage #collageart #stencil #stencilart #streetart #graffiti #spray #bombing #wall #urbanart #collage #urbanwalls #nirindastreet https://t.co/GcB5QhVnCr";0
1203011288579764224;Moneyaddict93;Fri Dec 06 18:00:16 +0000 2019;Bombing of Australia 20cent 2012 üá¶üá∫ #coins #coin #australia #lithuania #vilnius #kaunas #collector #collectors #collection #collections #bombing #numismatics #numismatist #numismatica #numismatique #currency #silver #money #valuable #investment #hobby #rarecoins #loveitorloveit https://t.co/6eVPTtVQ9W;0
1202998037930479627;berlingraff;Fri Dec 06 17:07:37 +0000 2019;"MICRO ‚Äî #berlin #graffiti #berlingraffiti #graffitiberlin #fotoboom #bombing #berlinstreets #true2thegame #–≥—Ä–∞—Ñ—Ñ–∏—Ç–∏ ‚Äî TAKEN FROM ""TRUE 2 THE GAME #3"" (1998) ON https://t.co/KNWmZzsqrg https://t.co/LajOKZM62i https://t.co/NaYw3e8owC";0
1202991389216083968;Remix_2R;Fri Dec 06 16:41:12 +0000 2019;With my bwo' ecto.lst #graffiti #dezer #remix2r #graffitiporn #liegegraffiti #graffitibelgium #paintoftheday #streetartist #streetart #graffitiart #graffitiartist #colors #spraypaint #sprayart #cans #bombing‚Ä¶ https://t.co/toEXikkEV8;0
1202988411084296192;graffiti_noxx;Fri Dec 06 16:29:22 +0000 2019;#Graffiti #cellograff #bombing https://t.co/PaqpSnJIbc NC Green canvas https://t.co/7cutUImaLm Cancer v2 3D https://t.co/JIik2CdEko;0
1202928004336431105;graffiti_noxx;Fri Dec 06 12:29:20 +0000 2019;#trashcan https://t.co/QddPTlF4sJ #Graffiti #cellograff #bombing https://t.co/PaqpSnJIbc Writers Life https://t.co/BBsalR1YIA;0
1202909793310199808;goethem_v;Fri Dec 06 11:16:58 +0000 2019;#Bombing of Hospitals in Syria are the worst Crimes ever committed by armed Forces since the Second World War,  there is No Excuse possible ,...Putin will go down in History as the new Hitler https://t.co/jTz6zLfRxy;0
1202907365655404545;berlingraff;Fri Dec 06 11:07:19 +0000 2019;"KEB ‚Äî #berlin #graffiti #berlingraffiti #graffitiberlin #fotoboom #bombing #berlinstreets #–≥—Ä–∞—Ñ—Ñ–∏—Ç–∏ ‚Äî ¬© BERLIN GRAFFITI ‚Äî FROM ""FB SPECIAL #3"" ON https://t.co/iYfAvtdlyi https://t.co/GqgT91j9Vy https://t.co/QYXL5lRjf8";0
1202822269682229248;graffiti_noxx;Fri Dec 06 05:29:11 +0000 2019;#Graffiti #cellograff #bombing https://t.co/PaqpSnJIbc https://t.co/kDMn4JJRTD  Blackbook Graff #Graffiti_noxx https://t.co/KeksclftlW #Sketch #wildstyle #3D #Graffiti #Noxx;0
1202713982181593088;ECStreetGallery;Thu Dec 05 22:18:53 +0000 2019;"Street Writers 2019
üïã
#StreetWriters #Guayaquil #Ecuador #GraffitiEcuador #Graffiti #Bombing #StreetPhotography #AllCity üî∫ https://t.co/LmwnyCkkSM";0
1202713980952727552;ECStreetGallery;Thu Dec 05 22:18:53 +0000 2019;"Street Writers 2019
üïã
#StreetWriters #Guayaquil #Ecuador #GraffitiEcuador #Graffiti #Bombing #StreetPhotography #AllCity üî∫ https://t.co/XUv5kmrH6J";0
1202673548801777667;TreitnerS;Thu Dec 05 19:38:13 +0000 2019;"https://t.co/qErwyGziKC
#Sun-#bombing #spacecraft uncovers #secrets of the #solar #wind";0
1202497747854778368;graffiti_noxx;Thu Dec 05 07:59:39 +0000 2019;#Graffiti #cellograff #bombing https://t.co/PaqpSnJIbc Writers Life https://t.co/BBsalR1YIA NC Green canvas https://t.co/7cutUImaLm;0
1202394343920873472;musicmafiard;Thu Dec 05 01:08:45 +0000 2019;"üí™üèΩ Dope grey sketch by peque_vrs üî•üî•üî•üî•üî•
.
.
.
.
.

#drawing #photooftheday #urban #throwup  #desing #throwie #bombing #loopcolors #tag #sketch #artwork #graffitiddbombing #blackbook #streetart #fatcap #molotow‚Ä¶ https://t.co/iWFe776ea7";0
1202369371387105282;graffiti_noxx;Wed Dec 04 23:29:31 +0000 2019;#Graffiti #cellograff #bombing https://t.co/PaqpSnJIbc #Graffiti_noxx LIVED SPEEDART https://t.co/5BWpU5pYxj Graff Blackbook NOC https://t.co/9BvMFejJ4P;0
1202331532536532992;graffiti_noxx;Wed Dec 04 20:59:10 +0000 2019;"""NOC"" Bio Graff P2 https://t.co/yY4U3MhJVS https://t.co/ynZgi7BrPs  Blackbook Graff #Bombing #can H Graff Letter Tut https://t.co/tE9JqdEyui";0
1202302955094978561;berlingraff;Wed Dec 04 19:05:36 +0000 2019;"DAVIS ‚Äî #berlin #graffiti #berlingraffiti #graffitiberlin #fotoboom #bombing #berlinstreets #true2thegame #–≥—Ä–∞—Ñ—Ñ–∏—Ç–∏ ‚Äî TAKEN FROM ""TRUE 2 THE GAME #3"" (1998) ON https://t.co/KNWmZzsqrg https://t.co/5brnUNk8Mq https://t.co/mqBP9Zh9i8";0
1202272794391777281;berlingraff;Wed Dec 04 17:05:45 +0000 2019;"ENSO ‚Äî #berlin #graffiti #berlingraffiti #graffitiberlin #fotoboom #bombing #berlinstreets #–≥—Ä–∞—Ñ—Ñ–∏—Ç–∏ ‚Äî ¬© BERLIN GRAFFITI ‚Äî FROM ""TRAINS IN TRAFFIC #37"" ON https://t.co/iYfAvtdlyi https://t.co/IOgBtIaFFY https://t.co/9emkzIruL1";0
1202254071182151680;daledewar;Wed Dec 04 15:51:22 +0000 2019;"Why is this a #failure? The money should continue to improve our #health and #educational systems and mitigate #climate change. #Bombing other countries is passe; if no one has noticed, bombing Libya, Syria and Iraq has not produced #peace or #freedom. It has lined a few pockets. https://t.co/ZkyYbZELM1";0
1202200731635404802;saintbenny7;Wed Dec 04 12:19:24 +0000 2019;I am totally for this #bombing https://t.co/KyGebKlWrW;0
1202191233470386176;violrussell;Wed Dec 04 11:41:40 +0000 2019;A #WWII #sequel of the Mooney Family! #HistoricalRomance #Mafia #HorseRacing #Germany #espionage #Ireland #IRA #Bombing #Liverpool #Coventry #RAF #Blitz: https://t.co/voAwo97bTC https://t.co/CAPNNNQpYO;0
1202186167652884482;man_hoax;Wed Dec 04 11:21:32 +0000 2019;#7/7 #Ripple Effect 2 https://t.co/Wg7ECu11U5 #London #bombing #false #flag;0
1202180545146445824;graffiti_noxx;Wed Dec 04 10:59:12 +0000 2019;PokemonGo Handy Wallpaper https://t.co/vOteOw2PNn #Graffiti #cellograff #bombing https://t.co/PaqpSnJIbc #noxx_Graffiti CityBombings Part2 https://t.co/d1sqVq9asU;0
1202071357468471296;redrooster52;Wed Dec 04 03:45:19 +0000 2019;@2460David Always had fun #bombing around in one #APC;0
1202026738483515393;DarkStitch;Wed Dec 04 00:48:01 +0000 2019;"Olivia Wilde defends her 'Richard Jewell' character amid backlash: 'Don't reduce her'
https://t.co/TQKZYWDryf
#OliviaWilde #RichardJewell #KathyScruggs #OlympicPark #Bombing #Olympics";0
1201954810519588866;AntiDrumless;Tue Dec 03 20:02:12 +0000 2019;"Recently spotted some pieces done by #Tetris and #Same on #StationOssWest #OssWest #MoronDOA #Graffiti #Bombing #Bombers #Graffitibombing #Graffitibombers #HipHop #Element #Kings #GrowingUpInTheHood #GEAH
#TwentySixteen #TwentyNineteen #blurrypicsoineedotgobackforthatonesamepiece https://t.co/eeQ75LQSvZ";0
1201954035324129280;graffiti_noxx;Tue Dec 03 19:59:07 +0000 2019;"#Daimgraffiti https://t.co/nmrCR4ZYDJ YT https://t.co/vcb8sqIhmi CityBombings Part2 https://t.co/d1sqVq9asU #Bombing 
C Graff Tut Letter https://t.co/x0zwhV4i0E";0
1201937533359267846;4london;Tue Dec 03 18:53:33 +0000 2019;Watch #thecave by Feras #Fayyad amazing director of a an extraordinary #syrian film about #Russian #bombing of #hospitals;0
1201910425283108865;berlingraff;Tue Dec 03 17:05:50 +0000 2019;"FOUR ‚Äî #berlin #graffiti #berlingraffiti #graffitiberlin #fotoboom #bombing #berlinstreets #–≥—Ä–∞—Ñ—Ñ–∏—Ç–∏ ‚Äî ¬© BERLIN GRAFFITI ‚Äî FROM ""BOMBS OF BERLIN #40"" ON https://t.co/iYfAvtdlyi https://t.co/VcQSlvYrjH https://t.co/aeguv70PRB";0
1201880114637737987;berlingraff;Tue Dec 03 15:05:23 +0000 2019;"NOAK ‚Äî #berlin #graffiti #berlingraffiti #graffitiberlin #fotoboom #bombing #berlinstreets #–≥—Ä–∞—Ñ—Ñ–∏—Ç–∏ ‚Äî ¬© BERLIN GRAFFITI ‚Äî FROM ""TRAINS IN TRAFFIC #36"" ON https://t.co/iYfAvtdlyi https://t.co/rI3G7OSPhV https://t.co/n9vnPy0Ter";0
1201860320270012416;Dirk_Matter;Tue Dec 03 13:46:44 +0000 2019;"""All the #FakeNews that fits, we print""‚Äîmotto of @nytimes

#Russian military debunks NYT report on #bombing of civilians in #Syria

#Idlib #Assad #Putin #WhiteHelmets #news
https://t.co/aLriVqvB1S";0
1201819741545017344;berlingraff;Tue Dec 03 11:05:29 +0000 2019;"REVOLTE CABRIO ‚Äî #berlin #graffiti #berlingraffiti #graffitiberlin #fotoboom #bombing #berlinstreets #–≥—Ä–∞—Ñ—Ñ–∏—Ç–∏ ‚Äî ¬© BERLIN GRAFFITI ‚Äî FROM ""TRAINS IN TRAFFIC #37"" ON https://t.co/iYfAvtdlyi https://t.co/lCXKjQEuYO https://t.co/uh02mijlo9";0
1201795724201074688;abc_columbia;Tue Dec 03 09:30:03 +0000 2019;#FBI renews quest to find American-born Jehad Serwan Mostafa, one of most wanted terrorists in the world. https://t.co/YO1ZO2NN5H #Bombing #Terrorist;0
1201714935891451904;PulpNews;Tue Dec 03 04:09:02 +0000 2019;#Allan Gerson, #lawyer who sought #justice for Lockerbie #bombing #victims, #dies at 74 - Dec 2 @ 11:06 PM ET https://t.co/u4hU3BreZW;0
1201712699744239616;_1BUV;Tue Dec 03 04:00:09 +0000 2019;"The New York Times has issued yet another damning #Report, which this time accused Russia of #Bombing what it called a ‚Äòrefugee camp‚Äô in the militant-held Idlib province. The #Russian Defense Ministry called it a ‚Äòfake.‚Äô      

On Sunda ...
 
https://t.co/Lv1oPsMSL6 https://t.co/TkDcJOVgcc";0
1201628473980280836;PizDoff;Mon Dec 02 22:25:28 +0000 2019;"Malta grants pardon to suspected middleman in journalist murder #bombing #Panama

https://t.co/ZrCJdYglOU

huh why..... https://t.co/ZrCJdYglOU";0
1201605110469734413;LCPalenzuela22;Mon Dec 02 20:52:37 +0000 2019;#bombing it to the back of the end zone with Stephen Yaffe @4thDownU https://t.co/sifKjGG5N3;0
1201575243015507969;WoMenFightAS;Mon Dec 02 18:53:56 +0000 2019;"@realBryanLeib @MM_JCCManhattan @ZacharySchaffer @bariweiss @JeffreyGoldberg @MortonAKlein7 Watch. #Jewish #Republicans will ignore everything #Trump does as long as he continues making calculated moves to win over #RightWing #Jews. These #Jews will ignore #bombing #children, tearing #limbs off #kids while they are playing in makeshift #DP camps.
https://t.co/5joCZ7qwRb";0
1201506473999818752;anadoluagency;Mon Dec 02 14:20:40 +0000 2019;"#Bombing injures 3 #Russian servicemen in northern #Syria 

Improvised explosive device goes off during regular joint patrols by Turkish, Russian forces near Ayn al-Arab

https://t.co/X236uicTXu https://t.co/fRWDsVeWwo";0
1201478448029601797;graffiti_noxx;Mon Dec 02 12:29:19 +0000 2019;NOK Graffiti https://t.co/PuWfsGFRLy #Graffiti #cellograff #bombing https://t.co/PaqpSnJIbc Writers Life https://t.co/BBsalR1YIA;0
1201439693352640513;berlingraff;Mon Dec 02 09:55:19 +0000 2019;"DREAM ‚Äî #berlin #graffiti #berlingraffiti #graffitiberlin #fotoboom #bombing #berlinstreets #–≥—Ä–∞—Ñ—Ñ–∏—Ç–∏ ‚Äî ¬© BERLIN GRAFFITI ‚Äî FROM ""TRAINS IN TRAFFIC #36"" ON https://t.co/iYfAvtdlyi https://t.co/xIHhl0LDXR https://t.co/M6r320yIaF";0
1201334991046815744;graffiti_noxx;Mon Dec 02 02:59:16 +0000 2019;"PokemonGo Handy Wallpaper https://t.co/vOteOw2PNn ""NOC"" Bio Graff P2 https://t.co/yY4U3MhJVS #Graffiti #cellograff #bombing https://t.co/PaqpSnJIbc";0
1201290511677612032;DevKarlekar;Mon Dec 02 00:02:31 +0000 2019;"@CNNnews18 @ImranKhanPTI #Naya #Pakistan 
1000's r in #Jail in #UK for #GROOMING #Thoudands of #UnderAge #Girls into #Drugs &amp; #Sex_Racket / #Prostitution.
Something which @ImranKhanPTI @pid_gov must be Proud of.
Also #London #Bombing and recent #London #Attacker is also #Pakistani";0
1201275761237344257;DevKarlekar;Sun Dec 01 23:03:54 +0000 2019;"@ImranKhanPTI #Pakistanis r in #Jail in #UK for #GROOMING #Thoudands of #UnderAge #Girls into #Drugs &amp; #Sex_Racket / #Prostitution.
Something which @ImranKhanPTI @pid_gov must be Proud of.
Also #London #Bombing and recent #London #Attacker is also #Pakistani";0
1201244299192668162;BloGoalcom;Sun Dec 01 20:58:53 +0000 2019;"#Nation's #Leader #Quits Over Car-#Bombing
https://t.co/CqroXHPtXG https://t.co/DahpjTQJJz";0
1201236789446483968;graffiti_noxx;Sun Dec 01 20:29:03 +0000 2019;z7 Beats logo erstellen https://t.co/VKTzS4QjOm https://t.co/6SUtz6bDoO Blackbook Graff #Graffiti #cellograff #bombing https://t.co/PaqpSnJIbc;0
1201222571909361664;koolkosta;Sun Dec 01 19:32:33 +0000 2019;"Advent, Advent.. .
.
.
#graffiti #streetart #art #graffitiart #urbanart #graff #graffitiporn #spraypaint #mural #photography #instagraffiti #artist #street #streetphotography #artwork #hiphop #wallart #painting #sprayart #instagraff #urban #bombing #pain‚Ä¶ https://t.co/5f7YHAUq18 https://t.co/JxnNAnvoNq";0
1201165010862403584;BACANCERFIGHTER;Sun Dec 01 15:43:49 +0000 2019;PHILLY STREET ART #brianstrong‚úå #cancerwarrior‚úå #philadelphia #philly #kensington #art #wallart #phillyart #murals #graffiti #phillygraffiti #phillyart #kenzoart #tagging #bombing #spraypaint https://t.co/SeNl9yCUip;0
1201123825905262592;MindanaoMirror;Sun Dec 01 13:00:10 +0000 2019;"The grenade explosion also wounded 11 others inside the college campus. More info here ‚¨áÔ∏è

https://t.co/1G017cY5Jw

#MindanaoDailyMirror #MDM #Misamis #Bombing #InitaoCollege https://t.co/FzukqL2wuK";0
1201048068046688257;graffiti_noxx;Sun Dec 01 07:59:08 +0000 2019;"#Bombing https://t.co/4XawQLilEV #youtube #banner #erstellen #long Venom Quick Sketch https://t.co/sBGaQ6p9rZ
 I Graff Letter Tut https://t.co/ZSiSUJUXpt";0
1201027153732747264;OKSoft_Games;Sun Dec 01 06:36:02 +0000 2019;"since we missed #screenshotsaturday, here's a #screenshotsunday morning treat for y'all, getting detected moments before an aggressive bomber run in Night Witch: 588

#WW2 #indiedev #madewithunity #shooter #plane #gamedesign #indiegame #IndieGameDev  #bombing #History https://t.co/xUuJos4cgq";0
1200995184521052160;ideatore;Sun Dec 01 04:29:00 +0000 2019;"We do not want such #PabloEscobars in our lives. Because there's no good that comes from them.

 #PabloEmilioEscobarGaviria #Politician #NarcoTerrorist #WealthiestCriminal #DonPablo #IllegalDrugTrade #Assassinations #Bombing #Bribery #Racketeering #Murder  #TheKingofCocaine https://t.co/JNDIrw7Fc1";0
1200904859081424896;AllSidesNow;Sat Nov 30 22:30:04 +0000 2019;"#FromTheRight: ISIS claims responsibility for London Bridge attack | Reporting by @WashTimes 

#ISIS #London #Bombing

https://t.co/yWs7ItI7Kb";0
1200897084112744448;BACANCERFIGHTER;Sat Nov 30 21:59:11 +0000 2019;PHILLY STREET ART #brianstrong‚úå #cancerwarrior‚úå #philadelphia #philly #kensington #art #wallart #phillyart #murals #graffiti #phillygraffiti #phillyart #kenzoart #tagging #bombing #spraypaint #streetart https://t.co/PNHzD8jO2z;0
1200896845238743040;BACANCERFIGHTER;Sat Nov 30 21:58:14 +0000 2019;PHILLY STREET ART #brianstrong‚úå #cancerwarrior‚úå #philadelphia #philly #kensington #art #wallart #phillyart #murals #graffiti #phillygraffiti #phillyart #kenzoart #tagging #bombing #spraypaint #streetart https://t.co/r7m5XFKvXa;0
1200874419255758850;graffiti_noxx;Sat Nov 30 20:29:07 +0000 2019;"""NOC"" Bio Graff P1 https://t.co/kcv1XKwUCA https://t.co/kDMn4JJRTD  Blackbook Graff #Bombing I Graff Letter Tut https://t.co/ZSiSUJUXpt";0
1200864775124725760;Civil_Chappy;Sat Nov 30 19:50:48 +0000 2019;"Does #JeremyCorbyn side with #terrorism and #bombing (friend or foe)? No, he is against all uneccessary violence and will try to find other solutions before jumping to the use of violence.

https://t.co/eYAnJyHU0i";0
1200775288621338624;berlingraff;Sat Nov 30 13:55:12 +0000 2019;"CMD ‚Äî #berlin #graffiti #berlingraffiti #graffitiberlin #fotoboom #bombing #berlinstreets #–≥—Ä–∞—Ñ—Ñ–∏—Ç–∏ ‚Äî ¬© BERLIN GRAFFITI ‚Äî FROM ""TRAINS IN TRAFFIC #37"" ON https://t.co/iYfAvtdlyi https://t.co/8oPqgOOfaM https://t.co/Zw5GFEgCPw";0
1200765196966514688;alandp220;Sat Nov 30 13:15:06 +0000 2019;Fantastic story of Manchester #bombing survivor üòäüòäüí™üëèüëè https://t.co/EawaEMR9Xk https://t.co/BgAiTWb4sm;0
1200761235823845377;graffiti_noxx;Sat Nov 30 12:59:22 +0000 2019;Cello Graff https://t.co/iVpyFryVwj #Graffiti_noxx #Bombing K Graff Letter https://t.co/jPcrS45qLo Graff Battle TAPE https://t.co/dylqYwKpnS;0
1200746601754574848;rdntzd;Sat Nov 30 12:01:13 +0000 2019;In terms of violence we can record an increase of #diversity. #beating #stabbing #bombing #rocketlaunching;0
1200685839610720257;PulpNews;Sat Nov 30 07:59:46 +0000 2019;1999 Cape Town #Bombing Survivor Reflects On Attack, 20 Years Later - Nov 30 @ 2:57 AM ET https://t.co/nmJa5u8fSy;0
1200640382968700928;graffiti_noxx;Sat Nov 30 04:59:08 +0000 2019;#graffiti #Bombing J Graff Letter https://t.co/v8iCtZiZwE https://t.co/8lGM6H3udc #Portfolio #noxx #2k16 A Graff Tut Letter https://t.co/rY84GPevz0;0
1200610137280376832;graffiti_noxx;Sat Nov 30 02:58:57 +0000 2019;NOk Wall https://t.co/RPOpByUksb https://t.co/kDMn4Jsgv3  Blackbook Graff #Bombing J Graff Letter https://t.co/v8iCtZAAoc;0
1200579978456436738;graffiti_noxx;Sat Nov 30 00:59:07 +0000 2019;https://t.co/1mf5mTrKKw Blackbook Graff #Bombing J Graff Letter https://t.co/v8iCtZiZwE https://t.co/9lEsMWXqXR #youtube #banner #erstellen #timelaps;0
1200579921648783360;RickyBaby321;Sat Nov 30 00:58:53 +0000 2019;"They want to see how much #genocide they can get away with.

Whether it's #bombing #people in the #MiddleEast or the #FarEast, or #starving &amp; #working their own people to #death, they like genocide.

Who are they?  Can they be ""taken out""?  

No.  Not if they can't be identified.";0
1200543494164623360;mummygirl;Fri Nov 29 22:34:08 +0000 2019;@ShaunLintern @ShelaghFogarty @Independent We had the midwifery ladies come to our house and tell us of their findings. A decision the Health Council took, not us. We knew then our circumstances was blatant neglect. #Warrington #bombing;0
1200330792011993088;graffiti_noxx;Fri Nov 29 08:28:56 +0000 2019;PokemonGo Handy Wallpaper https://t.co/vOteOw2PNn #Graffiti #cellograff #bombing https://t.co/PaqpSnJIbc E Graff Letter Tut https://t.co/hNNYeTZmrd;0
1200187396588998656;graffiti_noxx;Thu Nov 28 22:59:08 +0000 2019;#3Graffititipps #graffititipps https://t.co/QQHEe5tAO5 https://t.co/6SUtz6bDoO Blackbook Graff #Graffiti #cellograff #bombing https://t.co/PaqpSnJIbc;0
1200142451601739777;harinitiative;Thu Nov 28 20:00:32 +0000 2019;"Did you know that Islam is against suicide bombing? Watch the video below to find out more üëáüèΩ
#Islam #against #suicide #bombing #harmonyinitiative
 https://t.co/IIBadZzOON";0
1200074912964194305;berlingraff;Thu Nov 28 15:32:10 +0000 2019;"ACF ‚Äî #berlin #graffiti #berlingraffiti #graffitiberlin #fotoboom #bombing #berlinstreets #–≥—Ä–∞—Ñ—Ñ–∏—Ç–∏ ‚Äî ¬© BERLIN GRAFFITI ‚Äî FROM ""BERLINS FRESH TRASH #3"" ON https://t.co/iYfAvtdlyi https://t.co/P4VPJobsE1 https://t.co/MYWOjIsyJ4";0
1200062495257444352;sanshui596;Thu Nov 28 14:42:49 +0000 2019;"The Look of Love

#Graffiti #artist &amp; #comedian @PatrickJMonahan with his partner in crime @lilylovett

#streetart #art #graffitiart #urbanart #graff #graffitiporn #spraypaint #mural #artwork #wallart #painting #sprayart #urban #bombing #paint #arte #drawing #love #spray #UKSOPRO https://t.co/cqcBrHn15x";0
1199756201023737856;vandaleesm;Wed Nov 27 18:25:43 +0000 2019;"Monza FS Passing by. 21.11.2019
#writing #writin #bombing #milanobomberz #milano #aerosolwriting #aerosolart #spraycanart #spraypaint #trainz #trainwriting #trainbombing #panel #trenord #monzafs #freshpaint https://t.co/yFBcSEVfNJ";0
1199728259606429696;CherylShuman;Wed Nov 27 16:34:41 +0000 2019;#Malta #Journalist #Murder #Bombing - Senior government officials resign after businessman arrested on yacht in connection with murder of journalist https://t.co/FeAzYRh8U2;0
1199727983721877507;CherylShuman;Wed Nov 27 16:33:35 +0000 2019;The moment I landed in #Malta we were shocked by the events/ #murder / #bombing of an outspoken female journalist there. Rising Pressure Over Journalist's Killing Threatens To Topple Maltese Leadership https://t.co/HtJeaT4xSj Scary stuff! @CherylShuman;0
1199682382510673920;berlingraff;Wed Nov 27 13:32:23 +0000 2019;"WEAM ‚Äî #berlin #graffiti #berlingraffiti #graffitiberlin #fotoboom #bombing #berlinstreets #–≥—Ä–∞—Ñ—Ñ–∏—Ç–∏ ‚Äî ¬© BERLIN GRAFFITI ‚Äî FROM ""BERLINS FRESH TRASH #3"" ON https://t.co/iYfAvtdlyi https://t.co/4XaVMeVFWx https://t.co/S4P2Jc0vjB";0
1199674009249554432;graffiti_noxx;Wed Nov 27 12:59:07 +0000 2019;"""NOC"" Bio Graff https://t.co/46kJmmvlFL #Jo one year https://t.co/Z2xmC5e8Qr #Graffiti #cellograff #bombing https://t.co/PaqpSnJIbc";0
1199652613698011136;Spinghar;Wed Nov 27 11:34:06 +0000 2019;"We are similarly saddened for the night raids on civilians, by the #waterboarding methods, by #bombing our #weddings, bombing our forces in so called ""friendly accidents"" by the US forces. #Russians were in this regard way better than the US. 
@NDSAfghanistan @ARG_AFG @NSCAfghan https://t.co/U3Pgch5d2b";0
1199582702829293568;WeirdPeopleDE;Wed Nov 27 06:56:18 +0000 2019;"Thank you @threadless #ArtistShop &gt;&gt; https://t.co/WkWAbWHaVY &lt;&lt; #graffiti #streetart #art #graffitiart #urbanart #graff #instagraffiti #artist #street #artwork #wallart #painting #sprayart #instagraff #urban #bombing #paint #streetarteverywhere #drawing #love #spray https://t.co/ceIxNRVZWO";0
1199560758788608000;graffiti_noxx;Wed Nov 27 05:29:06 +0000 2019;"#GraffSpotting ""NOC"" Bio Graff P2 https://t.co/yY4U3MhJVS #Graffiti #cellograff #bombing https://t.co/PaqpSnJIbc https://t.co/1mf5mTrKKw Blackbook Graff";0
1199503336510124033;indiatvnews;Wed Nov 27 01:40:55 +0000 2019;"6 killed, 17 wounded in three bombings in Iraq
#Iraq #Bombing 
https://t.co/gAN0EGuLl7";0
1199439957309493248;graffiti_noxx;Tue Nov 26 21:29:04 +0000 2019;#Graffiti #cellograff #bombing https://t.co/PaqpSnJIbc https://t.co/ynZgi7BrPs  Blackbook Graff G Graff Letter Tut https://t.co/tE9JqdEyui;0
1199388883072495624;Kurdish_Data;Tue Nov 26 18:06:07 +0000 2019;"#Scenes of #Turkish forces #bombing areas outside the #safe #zone. Near Ain Issa in #North #Syria also shows the #Syrian and #Russian #flag on one of the bases.

 #NorthSyria #War #Turkey #Humanity #Casualties  #UN #NE #DonaldTrump https://t.co/GIwhMfkDbf  https://t.co/D1nZlBM6J9";0
1199388883072495624;Kurdish_Data;Tue Nov 26 18:06:07 +0000 2019;"#Scenes of #Turkish forces #bombing areas outside the #safe #zone. Near Ain Issa in #North #Syria also shows the #Syrian and #Russian #flag on one of the bases.

 #NorthSyria #War #Turkey #Humanity #Casualties  #UN #NE #DonaldTrump https://t.co/GIwhMfkDbf  https://t.co/D1nZlBM6J9";0
1199355250156744704;berlingraff;Tue Nov 26 15:52:29 +0000 2019;"RUZT79 R.I.P. ‚Äî #ruzd #berlin #graffiti #berlingraffiti #graffitiberlin #fotoboom #bombing #berlinstreets #braindamage #–≥—Ä–∞—Ñ—Ñ–∏—Ç–∏ ‚Äî ¬© BERLIN GRAFFITI ‚Äî TAKEN FROM ""BRAIN DAMAGE #11"" (2004) ON https://t.co/MnhkUPW5ZF https://t.co/rA8PziIJ8r https://t.co/rIcfLXt1ak";0
1199330919926108160;GMC2014Americas;Tue Nov 26 14:15:48 +0000 2019;"New evidence that 2018 ""Doma"" Syria chemical attack by #Assad President of Syria- evidence was #false - gas canisters were placed by rebels. US and UK were ready to attack Syria= (Powers &amp; Clinton urged) wanted immediate #bombing of #Syria Syria‚Ä¶ https://t.co/SO6mowohth";0
1199288401150787585;MariaMa34519283;Tue Nov 26 11:26:51 +0000 2019;The real story of the #SecretAgent and the Greenwich Observatory #bombing https://t.co/yacPho8mdu;0
1199235441112895488;LookatTerrorism;Tue Nov 26 07:56:24 +0000 2019;"#TodayinTerrorism: November 26, 2008 ‚Äì #TajMahal Palace hotel attack. 

On this day in 2008, #India was beset by a series of attacks in the city of #Mumbai that lasted four days. #Bombing #India #Pakistan https://t.co/rEALmRuqNl";0
1199209195058294786;AuthorKristineO;Tue Nov 26 06:12:06 +0000 2019;The Hiroshima Peace Memorial Museum has collected thousands of #drawings made by #survivors of the #atomic #bombing of Hiroshima, Japan. The drawings document survivors' memories surrounding that horrible day. https://t.co/mjPUZhe5dH;0
1199206131115188224;KingSheCOZ;Tue Nov 26 05:59:56 +0000 2019;"Graffiti coat (size 18üé®)

 #KingShe #graffiti #streetart #art #graffitiart #urbanart #graff #mural #spraypaint #picoftheday #graffitiporn #artist #artwork #hiphop #bombing #painting #urban #instagraff‚Ä¶ https://t.co/Ivo4Thla2M";0
1199083418576916481;berlingraff;Mon Nov 25 21:52:19 +0000 2019;"ETS GHS @skar.182.the_masterplan ‚Äî #berlin #graffiti #berlingraffiti #graffitiberlin #fotoboom #bombing #berlinstreets #braindamage #–≥—Ä–∞—Ñ—Ñ–∏—Ç–∏ ‚Äî ¬© BERLIN GRAFFITI ‚Äî TAKEN FROM ""BRAIN DAMAGE #11"" (2004) ON https://t.co/MnhkUPW5ZF https://t.co/3XGDjWZHNC https://t.co/bHk5NFCRIJ";0
1199053317571272704;berlingraff;Mon Nov 25 19:52:42 +0000 2019;"RISM @rism_is_a_dancer ‚Äî #berlin #graffiti #berlingraffiti #graffitiberlin #fotoboom #bombing #berlinstreets #–≥—Ä–∞—Ñ—Ñ–∏—Ç–∏ ‚Äî ¬© BERLIN GRAFFITI ‚Äî FROM ""BERLINS FRESH TRASH #3"" ON https://t.co/iYfAvtdlyi https://t.co/1RPLz99eIH https://t.co/dX7E3fHkvM";0
1199000444758085632;ShareButtonGame;Mon Nov 25 16:22:37 +0000 2019;Ace Combat 7 Anchorhead Raid DLC #acecombat #acecombat7 #namcobandai #namco #bandainamco #ps4 #projectaces #flightsimulator #arcade #explosion #acecombat4 #strangereal #falken #jet #jetfighter #airplane #bombing https://t.co/9bfd6fMTwy;0
1198988422427414528;CGH54;Mon Nov 25 15:34:50 +0000 2019;#Nothing #crazy‚Äô about #bombing #Iraq to ‚Äòsmithereens‚Äô? #Blair taken to #task on #social_media over #state of British #politics‚Äô remarks ‚Äî RT UK News https://t.co/KLjzSBtoeD;0
1198985535416606721;Tiarta24;Mon Nov 25 15:23:22 +0000 2019;Within two days of the #Atlanta #Olympic #bombing, #FBI #profilers concluded that #RichardJewell fit the profile of a person who might create an incident so he could emerge as a hero. #truecrime;0
1198956719633600512;_1BUV;Mon Nov 25 13:28:52 +0000 2019;"According to an exclusive report by #Spanish news site https://t.co/nAvQjn59sX, #Saudi fighter jets which have been #Bombing #Yemen since 2015 are powered by #Engines which were part-produced by Spain‚Äôs ITP Aero, chaired by a former minister and s ...
 
https://t.co/QbjsLqq5Hf https://t.co/1cWi9XVeyR";0
1198932472756604928;berlingraff;Mon Nov 25 11:52:31 +0000 2019;"KAIRO ‚Äî #berlin #graffiti #berlingraffiti #graffitiberlin #fotoboom #bombing #berlinstreets #–≥—Ä–∞—Ñ—Ñ–∏—Ç–∏ ‚Äî ¬© BERLIN GRAFFITI ‚Äî FROM ""BERLINS FRESH TRASH #3"" ON https://t.co/iYfAvtdlyi https://t.co/nPSXmku26v https://t.co/sKf0h3M0Wg";0
1198820868975185922;graffiti_noxx;Mon Nov 25 04:29:02 +0000 2019;"""NOC"" Bio Graff https://t.co/46kJmmvlFL #Graffiti #cellograff #bombing https://t.co/PaqpSnJIbc Graff Canvas https://t.co/IFETaw3rm7";0
1198814163008663552;thoroughbrd;Mon Nov 25 04:02:24 +0000 2019;@toppingly @nawababhi @mdsaif_20 @mrraisahab We #INDIANS are too having the same #feelings üòÜüòÜüòÜ Wisdome of someone has become a #tool to rule others by #bombing on the name of peace üò°üò°üò°;0
1198745366868439042;graffiti_noxx;Sun Nov 24 23:29:01 +0000 2019;#Graffiti #cellograff #bombing https://t.co/PaqpSnJIbc K Graff Letter https://t.co/jPcrS45qLo https://t.co/8lGM6H3udc #Portfolio #noxx #2k16;0
1198737813082128389;graffiti_noxx;Sun Nov 24 22:59:00 +0000 2019;#Jo one year https://t.co/Z2xmC5e8Qr #Graffiti #cellograff #bombing https://t.co/PaqpSnJIbc Cello Graff https://t.co/iVpyFryVwj;0
1198721206653988866;berlingraff;Sun Nov 24 21:53:01 +0000 2019;"PORK @suicide_comando ‚Äî #berlin #graffiti #berlingraffiti #graffitiberlin #fotoboom #bombing #berlinstreets #–≥—Ä–∞—Ñ—Ñ–∏—Ç–∏ ‚Äî ¬© BERLIN GRAFFITI ‚Äî FROM ""BERLINS FRESH TRASH #3"" ON https://t.co/iYfAvtdlyi https://t.co/limQWEJPiy https://t.co/AGF6mM51vp";0
1198669426947526656;_1BUV;Sun Nov 24 18:27:16 +0000 2019;"The U.S. #Air #Force #Retired an #Integral #Component of the United States‚Äô long-range #Strategic #Bombing #Capabilities ‚Äì the final Conventional #Air-Launched Cruise Missile (CALCM) package.
The CALCM missile package is #Retired at Bar ...
 #Longrange
https://t.co/HkWyb5Gfrh https://t.co/gBNjVuG5Jp";0
1198594614711771136;PulpNews;Sun Nov 24 13:29:59 +0000 2019;The Latest: Hiroshima #bombing survivor meets #pope - Nov 24 @ 8:28 AM ET https://t.co/fLI3OLaTZc;0
1198511335430131712;graffiti_noxx;Sun Nov 24 07:59:04 +0000 2019;#3Graffititipps #graffititipps https://t.co/QQHEe5tAO5 #GraffSpotting #Bombing K Graff Letter https://t.co/jPcrS45qLo;0
1198466045775876096;graffiti_noxx;Sun Nov 24 04:59:06 +0000 2019;Bio Graff P1 https://t.co/6AgbES6bU9 https://t.co/6SUtz6bDoO Blackbook Graff #Graffiti #cellograff #bombing https://t.co/PaqpSnJIbc;0
1198390524274790405;graffiti_noxx;Sat Nov 23 23:59:00 +0000 2019;https://t.co/1mf5mTrKKw Blackbook Graff #Bombing #can D Graff Letter Tut https://t.co/sn6UB6dFPB https://t.co/8lGM6H3udc #Portfolio #noxx #2k16;0
1198388925087264773;berlingraff;Sat Nov 23 23:52:39 +0000 2019;"MISTER TOSK ‚Äî #berlin #graffiti #berlingraffiti #graffitiberlin #fotoboom #bombing #berlinstreets #–≥—Ä–∞—Ñ—Ñ–∏—Ç–∏ ‚Äî ¬© BERLIN GRAFFITI ‚Äî FROM ""BERLINS FRESH TRASH #3"" ON https://t.co/iYfAvtdlyi https://t.co/HgrKb3uiHM https://t.co/TS2b8bauNs";0
1198382997122224132;graffiti_noxx;Sat Nov 23 23:29:06 +0000 2019;#Graffiti #cellograff #bombing https://t.co/PaqpSnJIbc Writers Life https://t.co/BBsalR1YIA Cello Graff https://t.co/iVpyFryVwj;0
1198350043943714816;BACANCERFIGHTER;Sat Nov 23 21:18:09 +0000 2019;PHILLY STREET ART #brianstrong‚úå #cancerwarrior‚úå #philadelphia #philly #kensington #art #wallart #phillyart #murals #graffiti #phillygraffiti #phillyart #kenzoart #tagging #bombing #spraypaint #streetart #onlyinphilly https://t.co/kFh60KRtEf;0
1198349291804332033;BACANCERFIGHTER;Sat Nov 23 21:15:10 +0000 2019;PHILLY STREET ART #brianstrong‚úå #cancerwarrior‚úå #philadelphia #philly #kensington #art #wallart #phillyart #murals #graffiti #phillygraffiti #phillyart #kenzoart #tagging #bombing #spraypaint #streetart https://t.co/cMdK40gw3O;0
1198349160271040512;BACANCERFIGHTER;Sat Nov 23 21:14:38 +0000 2019;PHILLY STREET ART #brianstrong‚úå #cancerwarrior‚úå #philadelphia #philly #kensington #art #wallart #phillyart #murals #graffiti #phillygraffiti #phillyart #kenzoart #tagging #bombing #spraypaint #streetart https://t.co/y5CmtP0Nse;0
1198348660284768257;BACANCERFIGHTER;Sat Nov 23 21:12:39 +0000 2019;PHILLY STREET ART #brianstrong‚úå #cancerwarrior‚úå #philadelphia #philly #kensington #art #wallart #phillyart #murals #graffiti #phillygraffiti #phillyart #kenzoart #tagging #bombing #spraypaint #streetart https://t.co/MhKw79xbcd;0
1198348242595012608;BACANCERFIGHTER;Sat Nov 23 21:10:59 +0000 2019;PHILLY STREET ART #brianstrong‚úå #cancerwarrior‚úå #philadelphia #philly #kensington #art #wallart #phillyart #murals #graffiti #phillygraffiti #phillyart #kenzoart #tagging #bombing #spraypaint #streetart https://t.co/kUo3bNvDW1;0
1198348112022196229;BACANCERFIGHTER;Sat Nov 23 21:10:28 +0000 2019;PHILLY STREET ART #brianstrong‚úå #cancerwarrior‚úå #philadelphia #philly #kensington #art #wallart #phillyart #murals #graffiti #phillygraffiti #phillyart #kenzoart #tagging #bombing #spraypaint #streetart https://t.co/FlihKmql8a;0
1198342455625535488;carlesdijous;Sat Nov 23 20:48:00 +0000 2019;Three #police officers killed in #bombing after renewed #protests in #Colombia. The deaths come amid continuing unrest following a massive march that brought tens of thousands to the streets of Bogota. https://t.co/RVQSOuviCG;0
1198332973805920256;OKSoft_Games;Sat Nov 23 20:10:19 +0000 2019;"Regiment 588 conducts a night raid bombing run on a Nazi convoy, 1943(colorized in our upcoming game Night Witch). Out mid-January.

#screenshotsaturday #WW2 #indiedev #madewithunity #shooter #plane #gamedesign #indiegame #IndieGameDev  #bombing #History https://t.co/ImFnk8N3d7";0
1198315101373247498;PulpNews;Sat Nov 23 18:59:18 +0000 2019;Reward Rises for Information in 2016 Center City #Bombing - Nov 23 @ 1:57 PM ET https://t.co/6T3e4wLjUU;0
1198284832075325440;graffiti_noxx;Sat Nov 23 16:59:01 +0000 2019;#Graffiti #cellograff #bombing https://t.co/PaqpSnJIbc https://t.co/kDMn4JJRTD  Blackbook Graff #noxx_bremen Soundcloud : https://t.co/3d5QD3DyGV;0
1198273848011042816;mrtks1997;Sat Nov 23 16:15:22 +0000 2019;"@2_ordu #Scenes of #Turkish forces #bombing areas outside the #safe #zone. Near Ain Issa in #North #Syria also shows the #Syrian and #Russian #flag on one of the bases.

 #NorthSyria #War #Turkey #Humanity #Casualties  #UN #NE #DonaldTrump https://t.co/dMaPg3u2ha";0
1198270476331683842;baderkhanahmad;Sat Nov 23 16:01:59 +0000 2019;"#Scenes of #Turkish forces #bombing areas outside the #safe #zone. Near Ain Issa in #North #Syria also shows the #Syrian and #Russian #flag on one of the bases.

 #NorthSyria #War #Turkey #Humanity #Casualties  #UN #NE #DonaldTrump https://t.co/6BSJdkx3CB";0
