1205526814338277376;AneesJillani;Fri Dec 13 16:36:04 +0000 2019;"The new law on citizenship ""destroys the spirit of tolerance in India. It is based on discrimination, submission &amp; Islamophobia. It is the implementation of division based on religion, instead of the modern concept of citizenship "".
#CAB #India #Islamophobia #UStand4HumanRights";0
1205526584133869568;madayatollah;Fri Dec 13 16:35:09 +0000 2019;"@sajidjavid **

But, a very good one for real #racists &amp; their #Islamophobia.

How dare you tar ALL #Labour voters &amp; politicians with the same filthy #ToryLies.

You won't have ANY excuses for your failures in #Government &amp; even more increases in #poverty &amp; #foodbanks in the next #election!";0
1205526092485996544;philgb79;Fri Dec 13 16:33:12 +0000 2019;@LadBonnie We fear for ours more like! #Islamophobia;0
1205525949866889218;Sohrab17177737;Fri Dec 13 16:32:38 +0000 2019;#Islamophobia peak in the World.. https://t.co/7WJqFMM1od;0
1205525654852100096;PaulBuckHK;Fri Dec 13 16:31:28 +0000 2019;"""Voters saw a party that has made ethno-nationalism, anti-immigration and #Islamophobia its calling cards, and endorsed it.""¬†- Election 2019: our panel's verdict ‚Äì and what the results mean for them

https://t.co/BXlI8KYRtX";0
1205525605388869632;doamuslims;Fri Dec 13 16:31:16 +0000 2019;"Protests have erupted in #India over Islamophobic Citizenship Law. 

#CABPassed #NoToCAB #RejectCAB #RejectNRC #CABProtests #Islamophobia https://t.co/MCbaP7hE9c";0
1205524485346070528;CharlotteFarhan;Fri Dec 13 16:26:49 +0000 2019;"Fuck the Tories (we will resist) - by Charlotte Farhan

#wewillresist #artactivism #charlottefarhanart #fuckthetories #directaction #charlottefarhan #art #artwork #artworks #disability #chronicillness #islamophobia‚Ä¶ https://t.co/3AP7PlLXBW";0
1205524476106018817;rebelyellrebel;Fri Dec 13 16:26:47 +0000 2019;Can anyone say they have witnessed in the MSM, anywhere near the same level of outrage at #Islamophobia  that they have with #Antisemitism Both disgusting, but only one, a stick to hit JC with.this has been a smear campaign of epic proportions..and the next ‚ÄòGuy‚Äô better get ready;0
1205524102720696321;Pkhtn_Pakistani;Fri Dec 13 16:25:18 +0000 2019;"@saulbenkish All Non Zionist Jewish people are true monotheistic brothers of the book for Muslims. For 1300 years we lived together, only Zionism has divided us recently. Muslims should not let Zionism create a wedge between us. Lets stand together against #Islamophobia &amp; #Antisemitism";0
1205523698377265155;PrinceUwaiz;Fri Dec 13 16:23:41 +0000 2019;Ladies and gentlemen this our prime minister's father speaking here. üëèüëèüëè Just imagine what he's dashed into his sons brain ! God know ! üò≤ #Islamophobia #GeneralElection #GeneralElection2019 #NotMyGovernment https://t.co/cBZivz91xj;0
1205519523811659784;soitiz;Fri Dec 13 16:07:06 +0000 2019;'Palpable fear' spreads among #BritishMuslims following Johnson victory‚Äã - https://t.co/vkzwqdS73q on @The_newarab #UK #Racism #Islamophobia https://t.co/PD1HU3dssq;0
1205519488650825730;MehlaAhmed;Fri Dec 13 16:06:58 +0000 2019;It was a great honor to meet HE Adama Dieng @Sidyboury the UN Special Envoy during the 6th @ppeaceims in @UAE, the land of #Tolerance, in the strictly Arabic meaning. I highly appreciate HE efforts on preventing #HateSpeech and #Islamophobia. We, Africans, we are proud of you üôè https://t.co/VKDAv1eM0f;0
1205517623225651206;harmeetsach89;Fri Dec 13 15:59:33 +0000 2019;With the looming #Islamophobia , #Article370 protests and shift of the #BritishIndian towards #ConservativeParty this was bound to happen. #borisjonhson for the win. #BritishElection @BorisJohnson @TarekFatah #Londonistan @narendramodi @joswinson #LiberalDemocrats;0
1205515727228170242;Neera_26;Fri Dec 13 15:52:01 +0000 2019;"Can u vote 4 leaders who say #jihadiattacks r a part &amp;parcel of life in big cities. 

Who after every jihadi attack r more bothered abt #islamophobia than d victims.

Leaders who justify jihadi attacks &amp;humanise jihadis!

For whom pol correctness means ignoring mus fundamentalism";0
1205514950678056960;paulinepark;Fri Dec 13 15:48:56 +0000 2019;"#NarendraModi's #CitizenshipAmendmentAct is redefining #citizenship in #India based on #religion as part of his agenda of #Islamophobia which he shares with his pal #BenjaminNetanyahu; no surprise the #BJP government is so supportive of #ApartheidIsrael~!
https://t.co/mf2F6gL9vO";0
1205514105643261955;Nazriaorg;Fri Dec 13 15:45:34 +0000 2019;#india‚Äôs streets are currently seeing Hindu Taliban ( BJP and RSS), Hindu Talibans are bringing everyday new bills to make #India as a hindu state forcefully. @ashoswai @ImranKhanPTI #CABProtests #Islamophobia;0
1205511696128888832;MunibHamid;Fri Dec 13 15:36:00 +0000 2019;"Dark day, 4 minorities in the UK. Especially for British Muslims who watched as a man who said ""Islam was the problem,"" mocked veiled Muslim women, &amp; also turned a blind eye to massive anti-Muslim hatred in his party. #Islamophobia #UKelection2019 #UKElections2019 #FridayThoughts";0
1205508751635161090;PeacefulTomorro;Fri Dec 13 15:24:18 +0000 2019;"Robyn and Gloria made it possible! Earlier this year we invited our partners and supporters to our ""We Are One"" event to hear from those who work with the immigrant community and those who help fight Islamophobia. #islamophobia @ICNY @TheCharter @NYCMayorsOffice https://t.co/7jyLAeMMGl";0
1205507247897546758;Hasanpatel;Fri Dec 13 15:18:19 +0000 2019;Expect more of this now! #racism #Islamophobia #GeneralElection https://t.co/5n2t0JNqzq;0
1205507148253413376;TahirAbbas_;Fri Dec 13 15:17:56 +0000 2019;Tahir Abbas on #Islamophobia and #Radicalisation  https://t.co/wGkc1fqe2h via @bpb_de;0
1205505521102577664;MassiEstaAqui;Fri Dec 13 15:11:28 +0000 2019;"In an act of blatant #Islamophobia, #GreenParty leader, Jonathan Bartley, would hope to ban Halal meat 

My question here is simple: how much longer can we allow such blatant targeting of #Muslims to continue? Nuanced as the rhetoric may be, the objective is clear as day https://t.co/BajDa4JW3J";0
1205505387711148032;AliBass94;Fri Dec 13 15:10:56 +0000 2019;@DailyMailUK @DailyMail @DailyMailAU Explain why they weren‚Äôt referred to as ‚Äúterrorists‚Äù or ‚Äúextremists‚Äù is it because they‚Äôre American? Or because they‚Äôre not #Muslims in addition to not being from the Middle East and or Central Asia? #Islamophobia #racism #DoubleStandards https://t.co/wvUCQ7JK32;0
1205504839037284352;prema_arasu;Fri Dec 13 15:08:45 +0000 2019;"I wonder if #TheMandalorian gets asked if he only wears the helmet because he's oppressed by his religion
#muslim #hijabi #Islamophobia";0
1205504839037284352;prema_arasu;Fri Dec 13 15:08:45 +0000 2019;"I wonder if #TheMandalorian gets asked if he only wears the helmet because he's oppressed by his religion
#muslim #hijabi #Islamophobia";0
1205504839037284352;prema_arasu;Fri Dec 13 15:08:45 +0000 2019;"I wonder if #TheMandalorian gets asked if he only wears the helmet because he's oppressed by his religion
#muslim #hijabi #Islamophobia";0
1205503663105556481;minhaj_nabuwa;Fri Dec 13 15:04:05 +0000 2019;"Newly elected PM of UK  Boris Johson, Narendra Modi and Donald Trump are having one thing in common
 #Islamophobia #islamofobia https://t.co/C4ED3hIzie";0
1205502937906196482;desondy;Fri Dec 13 15:01:12 +0000 2019;This üëáüèæ #Islamophobia #Homophobia https://t.co/JwlyBPPz34;0
1205500570716561408;AhmedSafder;Fri Dec 13 14:51:47 +0000 2019;Ppl in #Pakistan upset abt Conservatives win in UK  #GeneralElection are the same ppl who have voted in #AsifAliZardari and #NawazSharif as heads of state for more than 1 term üòÇ nor are they practicing muslims of any sort to worry abt #Islamophobia it‚Äôs hilarious yet puke worthy;0
1205500514361720832;Harshit22284604;Fri Dec 13 14:51:34 +0000 2019;"Regardless of leftist media, seculars and liberals trying to prove their propaganda of radical islam. People are denying them and making a wise choice.

#BorisJohnsons 
#UKElection 
#Islamophobia";0
1205499379399966720;Techstocks5;Fri Dec 13 14:47:03 +0000 2019;"#Islamophobia impact on muslims after #BorisJohnson elected PM.

Check out this video!  https://t.co/ilzE6hZFZJ";0
1205498813068316672;saeedwkhan;Fri Dec 13 14:44:48 +0000 2019;"Want to understand yesterday's election result?  Read this article and it will help you understand what is really underlying voter intention.

#Brexit #UKelection2019 #Islamophobia

https://t.co/MlRDYqOyTV";0
1205498432221089794;anilkumaruniyal;Fri Dec 13 14:43:17 +0000 2019;"Britain is hoping to be freed of #Islamophobia after this election results and here in india we have likes of @INCIndia @MamataOfficial &amp; other Anti Nationalist party wants to spread it here in India https://t.co/2QoG9BhR7O";0
1205496559938547713;KEZZAMAN;Fri Dec 13 14:35:51 +0000 2019;My 7 years old son came back from school today and asked #BorisJohnson win today..yes he did son. He then asks #jeromycorbyn loose..yes he did son are we going to have to leave this country was his next question? #notmygovernment #heartbroken #Islamophobia;0
1205496479613407232;Jimcameron1690;Fri Dec 13 14:35:32 +0000 2019;@KTHopkins #Islamophobia is a myth a word made up by the left so that they can label people racists.;0
1205495186777935882;AdnanHussainuk;Fri Dec 13 14:30:24 +0000 2019;"@JimTeflon How about you actually start by giving me a genuine reason why you would class me as a #Jihadi? 

Typical response from a right who has nothing better to do but blame my religion, it's narrow minded people like you who are the very fabric of #Islamophobia. 

Do me a favour #STFU";0
1205494628813815814;priyaradhak;Fri Dec 13 14:28:11 +0000 2019;"@MycoJonathan #Antisemitism #antihindumedia #Hinduphobia #islamophobia all are  immoral but we need to make the bar the same across all faiths and not hold the bar at different levels for everyone

By simply asking for normalization and include hindus we are labeled fascist. How is that fair?";0
1205491167002943488;blue_gulaab;Fri Dec 13 14:14:25 +0000 2019;"History laments itself, as is visible in our country. 

#Islamophobia #CABBill2019 #CitizenshipAmmendmentBill2019 #garyveechallenge";0
1205490887800872960;Tara_Hewitt;Fri Dec 13 14:13:19 +0000 2019;We work against this government not with them that's the start.... #NotMyGovernment #BigotsInPower #Islamophobia #Transphobia #Homophobia #Sexism #GE2019 https://t.co/FqDGtpW81o;0
1205489713307693056;Rasmaak;Fri Dec 13 14:08:39 +0000 2019;"when a fascist terrorist become the leader of the "" world's largest democracy"" #Islamophobia

Blood and Soil in Narendra Modi‚Äôs India https://t.co/Gs6Az75Hl2";0
1205487880317083649;Not_The_Few;Fri Dec 13 14:01:22 +0000 2019;"Can we now have the Russia Report, the details of the Arcuri incident and a full independant investigation into islamophobia in the Tory Party.  That should see him gone.
#RussiaReport #arcuri #Islamophobia #GetJohnsonOut #ConservativeParty #ToryRacism #JohnsonTheLiar #truth";0
1205487658778210304;BHPanimalwatch;Fri Dec 13 14:00:29 +0000 2019;The vicious and false accusations of #Antisemitism against the Labour Party opened the way to the victory of the Party of #Islamophobia. https://t.co/A5WwoseTON;0
1205487454767271937;HurstPublishers;Fri Dec 13 13:59:40 +0000 2019;"@alpashah001 @realVickyPryce @mary_harper @TomBaldwin66 #HurstHolidayQuiz Q5!

In what year did @RunnymedeTrust publish the first major evidence-based report on #Islamophobia in Britain, called 'Islamophobia - A Challenge for Us All'?

First correct retweet/comment will win 'Follow Me, Akhi' by @HKesvani!

https://t.co/mwryX4Fjb7 https://t.co/tQQYwXvE9l";0
1205486461233094656;myself_oh;Fri Dec 13 13:55:43 +0000 2019;@ScheyChris @Hessian_Mohd @KateStewart22 @with_dun Not at all.. however leaders views, opinions need be kind, sensitive, inclusive, respectful #Leaders #Leadership because there are lots of lose nuts around who take it upon themselves to hurt others from what they see, hear, learn from TV, Media, Leaders etc #racism #Islamophobia;0
1205484822732460033;iahsan;Fri Dec 13 13:49:13 +0000 2019;"That ship sailed a very long time ago, the denial has been prolonged enough &amp; will become unsustainable shortly.

Let's accept the new realities, so we can deal with them at some point. #Islamophobia is the new mainstream, it gets you votes &amp; it get you wider appreciation. https://t.co/BQlWBZc2ar";0
1205484572965769216;MsVeganista;Fri Dec 13 13:48:13 +0000 2019;"This is what a Tory voter is endorsing...

You should be ashamed of yourselves.

#islamophobia #JohnsonTheLiar #johnsondoesntcare #CorbynStillHasMyVote #notmygovernment #notmypm #conservative #labourparty https://t.co/3s7xlcXTWs";0
1205482477403463680;ZahoorBargir;Fri Dec 13 13:39:54 +0000 2019;@Jemima_Khan Totally agree - the unacceptable face of politics (and society) that needs to be rooted out. Racism and prejudice in all its forms highlighting but there is an element of cherry-picking that trivialises this serious matter. #GeneralElection2019 #islamophobia #Antisemitism;0
1205480918737137664;grahphil;Fri Dec 13 13:33:42 +0000 2019;"Because #Johnson‚Äôs #Antisemitism, #Islamophobia &amp; #racism are ok? https://t.co/zSrUKq2qOQ";0
1205475815540109313;inacentre;Fri Dec 13 13:13:25 +0000 2019;"Lovely turn of phrase ‚ò∫
#JeremyCorbyn in reply to @SkyNewsPolitics question says that there's no such thing as #Corbynism implying it's a made-up name.
Bet 'both-ways looking' Jeremy will never accept #islamophobia is a made-up name.";0
1205470777719566339;quirkynotperky;Fri Dec 13 12:53:24 +0000 2019;They tried to tell you it was labour that was anti-Semitic but here‚Äôs the right wing press referring to a Jewish man as ‚Äòpig sick‚Äô they could‚Äôve used another phrase no? #tory #Islamophobia #Antisemitism  https://t.co/PLw75N6Hjk;0
1205469469683933184;bridgeinit;Fri Dec 13 12:48:12 +0000 2019;"""I think that their leadership know there is a problem, and the reason they won‚Äôt have any independent inquiries is because they are aware of the extent of the problem."" - @SayeedaWarsi 

As the Tories win big in #GE2019, what of its #Islamophobia?

https://t.co/yQcN79bJzg";0
1205467992508649472;MT_Reborn;Fri Dec 13 12:42:20 +0000 2019;"Like Father Like Son

#Islamophobia 
#Niqab https://t.co/kJG6shcJaQ";0
1205467827664228354;EhabShawky3;Fri Dec 13 12:41:41 +0000 2019;"Islam, Slavery Advocator, or Slavery Destroyer!
https://t.co/pyTse4tX7v via @EhabShawky3
#Islam #Quran #Islamophobia #Egypt";0
1205465164847472640;Oak74679721;Fri Dec 13 12:31:06 +0000 2019;Since #Islamophobia and #antisemitism are hate crimes when will #Gammonphobia be the same?;0
1205465064205168640;FizzyBook;Fri Dec 13 12:30:42 +0000 2019;Hallelujah - we knoew where it comes from. Now on to the #Islamophobia inquiry in the .@Conservatives #racist https://t.co/Kjl8QwZrHv;0
1205464920902516736;philgb79;Fri Dec 13 12:30:08 +0000 2019;I think an independent inquiry into Muslim grooming gangs and child rape! Tops that list. No such thing as #Islamophobia https://t.co/PDPAcG2juZ;0
1205461169038860288;Albin_INC;Fri Dec 13 12:15:13 +0000 2019;"A #Sabarimala Devotee is protesting against #Islamophobia 

Yes we keralites are against #CitizenshipAmmendmentBill2019 #NRCBill https://t.co/hJmxZhKlOP";0
1205460101911306242;FarhanaCvg;Fri Dec 13 12:10:59 +0000 2019;"My father is no more but he alongwith my mother raised me in an environment were respecting an individual is a must and speaking for the right is a necessity. Hope you show this tweet to your mother and ask her if she raised you right?

#Islamophobia https://t.co/eT6MX4xMqN";0
1205459851301806080;FizzyBook;Fri Dec 13 12:09:59 +0000 2019;"#notmygovernment .@michaelgove You call out #JeremyCorbyn who has been #smeared in the #tory press, who has fought #racism all his life but you have used #racehate to fight this campaign -re you going to do anything about #Islamophobia in the conservative party?
#disgust ü§Æ";0
1205459209443299328;iqbal4labour;Fri Dec 13 12:07:26 +0000 2019;@LordJohnMann Nothing on #Islamophobia?;0
1205458982363516929;Muslims4USA;Fri Dec 13 12:06:32 +0000 2019;"EVEN I THOUGHT THIS IS A CONSPIRACY AGAINST US
#Islamophobia #Islam #Muslim #FridayThoughts 
Wow we expect better from Britain @Rimmel_Mohydin but maybe things will improve. Since Mr.Johnson is Friends with Imran Khan of Pakistan. Fingers crossed &amp; INSHA'ALLAH. https://t.co/hHpUrQEAYW";0
1205457699363639297;Khalid513;Fri Dec 13 12:01:26 +0000 2019;"@imranKh22620907 @syedsidrah @IndiasMuslims @iamsrk Apart from Khan's #Bollywood in general set the tone for #Islamophobia and provide a cover for ruling elite.. Hence best to #BoycottBollywood &amp; #BoycottBollywoodKhans";0
1205457699363639297;Khalid513;Fri Dec 13 12:01:26 +0000 2019;"@imranKh22620907 @syedsidrah @IndiasMuslims @iamsrk Apart from Khan's #Bollywood in general set the tone for #Islamophobia and provide a cover for ruling elite.. Hence best to #BoycottBollywood &amp; #BoycottBollywoodKhans";0
1205457339287056387;tomcoll52956768;Fri Dec 13 12:00:00 +0000 2019;"@jeremycorbyn @mrjamesob @LBC To think the one-percenter UK media facilitated #BorisJohnson through its consent of #Windrush, #HostileEnvironment and #Islamophobia at the expense of the most deprived desperate British public. 

Why would they care?";0
1205456653958684673;MakeAmericaWait;Fri Dec 13 11:57:17 +0000 2019;For all the numpties on line today #GE19 was not about UK belief in #brexit and pro racism. This was about England vs Scottish progressive politics and internationalism and utter rejection of #ToryMisogyny #nastyparty #ToryRacism #Islamophobia #ToryLies;0
1205456535293431809;BushraMushtaq23;Fri Dec 13 11:56:48 +0000 2019;Clear contradiction. IK fought and mentioned #Islamophobia in his UN speech in 2019, Johnson made islamophobic comments, where is Islam now? Shouldn't have made a speech that was far from reality https://t.co/tU4MWqmrQH;0
1205455679852560384;jwduyvendak;Fri Dec 13 11:53:25 +0000 2019;@KesicJosip @POP_Jrnl @SLdeLange @TomWGvdMeer @CasMudde @bartbonikowski @mrooduijn @milleridriss @tabouchadi @AitanaGuia @AyhanKaya14 @EricFassin @ErnstHemel @Leolucassen @IngerLeemans Populism, racism and islamophobia have one thing in common: their nativist core. Free access article with @KesicJosip @POP_Jrnl @tandfonline #nativism #nationalism #islamophobia #minorities #Netherlands #populism #racism https://t.co/JMsr2nRLzF;0
1205452944830803969;HusbandOfTheLo1;Fri Dec 13 11:42:32 +0000 2019;@sajidjavid Good day for racists, those preaching #Islamophobia;0
1205452253148135425;gundry_j;Fri Dec 13 11:39:48 +0000 2019;"REMEMBER THERE IS NO ""THEM AND US"" HUMANITY IS US ALL, NO MATTER WHERE WE COME FROM. 
#GeneralElection 
#immigration 
#Antisemitism
#Islamophobia
#racism
Let's be better to one another!";0
1205448382539608064;LordJust3;Fri Dec 13 11:24:25 +0000 2019;@sajidjavid I bad day for Muslims. For immigrants. For nurses. For students. For the ill. For teachers. For ordinary people. #islamophobia #notmygovernment;0
1205446990361960449;MwattinLeebi;Fri Dec 13 11:18:53 +0000 2019;@michaelgove rushed to reassure the Jewish communities after #ConservativeParty won the #GeneralElection. Thats all ok but no such assurances forthcoming for the #Muslim communities living in fear of #Islamophobia endorsed by the #ConservativeParty starting with #BorisJohnson;0
1205445970269556736;adventure_lite;Fri Dec 13 11:14:50 +0000 2019;Powerful words summing up how many dismayed by today's election results feel... #GeneralElection #BorisJohnson #JeremyCorbyn #LabourParty #ConservativeParty #BrexitShambles #BorisTheLiar #racist #homophobic #Islamophobia #austerity #SaveTheNHS #UKelection2019;0
1205445012382720002;ashrafp2506;Fri Dec 13 11:11:01 +0000 2019;"UK election is the result of right wing propaganda it is about time someone actually makes a stand against these bigots in society. Seriously try creating an AI based on right wing publications and the result would be Islamophobia. 

#UKElection #Islamophobia #AI";0
1205443821955366913;alan1878;Fri Dec 13 11:06:17 +0000 2019;"@sajidjavid Horrible little tax cheat #Islamophobia 
#ReleaseTheRussiaReport";0
1205442906531729408;SameerMaldar;Fri Dec 13 11:02:39 +0000 2019;"#Tories are in. So now I await #Brexit and it's #aftermath. I can only #hope that #recession doesn't kick us as #hard as we #fear.

Goodluck #NHS. Goodluck tackling #Islamophobia. Goodluck #Pensioners. Goodluck with #borders and #customs.

#HahaYouMustBeMad #UK #GE2019 #London";0
1205441176641232896;Neera_26;Fri Dec 13 10:55:47 +0000 2019;"Why don‚Äôt you first tell your muslim brothers annd sisters to stop killing innocents in the name of Allah &amp; enforcing sharia, halal in muslim majority areas .. #islamophobia will disappear on its own.. https://t.co/BhQer8llt5";0
1205440055910830081;TjpAbdul;Fri Dec 13 10:51:19 +0000 2019;"Father like son. Or is it son like father.

What has a burka got to do with a fighter jet pilot anyway? The pilot's face will be covered anyway. You have seen Top Gun, right?

#Islamophobia #GE2019 https://t.co/gCrQWmuEXf";0
1205437182141509632;leighways;Fri Dec 13 10:39:54 +0000 2019;Are we going to see the #russianreport  now @BorisJohnson  and a enquiry into #islamophobia  are we going to see what happens about @Jennifer_Arcuri @Conservatives  and @Labour  plus the country want to know;0
1205432294275715072;LostSoulsStar;Fri Dec 13 10:20:29 +0000 2019;"@yoak765 @OwenJones84 Here's a tip for you. You don't want ""mass immigration"". Then maybe you shouldn't have had centuries of worldwide  colonization.

PS: Your ""creeping"" #Islamophobia is more of a problem, than Muslims will ever be. https://t.co/ZIaSPpbiRm";0
1205432003790802945;MetzPhilline;Fri Dec 13 10:19:20 +0000 2019;"Amongst many other engagements he was moderating a panel at the @jmberlin and @BIM_HU_Berlin at @HumboldtUni organized conference ""#Living with #Islamophobia"" in 2018: https://t.co/k1o1N0MDiB";0
1205431170646839296;TellMamaUK;Fri Dec 13 10:16:01 +0000 2019;"Jummah Mubarak! Please keep our safety tips in mind as you go about your day. 

You can always speak to us in confidence on:

üìû0800 456 1226

üì± 0734 184 6086

üìßhttps://t.co/oqZD1xhcUf

#No2h8 | #WeStandTogether | #Hatecrime | #Islamophobia https://t.co/LVAfgqIN4I";0
1205429412621144069;lighttuponlight;Fri Dec 13 10:09:02 +0000 2019;"Stay updated on everything #extremism-related #FollowFriday #ff 
@_JesseMorton @IncelProject @ashkenaz89 @NewDayStarts @SchoepJeff @bjgalloway1717 @realjoshbates1 @CVEMapProject 
#islamicjihad #AltRight #FarRight #ProudBoys #incel #Antisemitism #islamophobia #CVE #CtrlAltDelHate";0
1205429336091889665;pitthugaram;Fri Dec 13 10:08:44 +0000 2019;"Two people lost their lives and several others are injured in Guwahati Protests 
#RajyaSabha #CAB #India #Pakistan #Islamophobia #Muslims #pitthugaram #Guwahati 
https://t.co/6lrGzZpUE4";0
1205427848242245633;mahatimy;Fri Dec 13 10:02:49 +0000 2019;but a good day for #islamophobia https://t.co/TXsZV5wf1L;0
1205425273555976195;MohamedBushree2;Fri Dec 13 09:52:35 +0000 2019;"Listen to the father of the newly elected British PM, Boris Johnson, who has no shame in spewing his Islamaphobic rhetoric.
What is the world coming to? Soon this wprld will be shaped by the likes of:
TRUMP
BORIS
PUTIN
MODI
NATANYAHU
ASSAD...
#Islamophobia https://t.co/b9yObbtqRo";0
1205424883523567617;TheVeiledAspie;Fri Dec 13 09:51:02 +0000 2019;"A female fighter Jet pilot will be judged  by hear profession and not by what she wears.  Wearing a ""Burka"" did not stop her from qualifying to become a pilot. ü§¶‚Äç‚ôÄÔ∏è

#Islamophobia #Niqab #GeneralElection2019 #GeneralElection #GE2019 #ConservativeParty https://t.co/BPF783Opkv https://t.co/Yb0fx7M8xE";0
1205422452358205442;doamuslims;Fri Dec 13 09:41:22 +0000 2019;"UK Prime Minister #BorisJohnson's father, Stanley Johnson said on National Television: 

""If I was a female fighter jet pilot I would expect someone to say don‚Äôt wear a Burka"" 

#Islamophobia #Niqab #GeneralElection2019 #GeneralElection #GE2019 #ConservativeParty https://t.co/FuowBQLfYt";0
1205421400112189440;SooooooooooTrue;Fri Dec 13 09:37:12 +0000 2019;"@mehdirhasan Ending #Islamophobia is in the hand of Muslims.

Stop your eternal war against Non Muslims and stop killing them. 

Islamophobia is natural fear of being beheaded.";0
1205420770849153025;SooooooooooTrue;Fri Dec 13 09:34:42 +0000 2019;"@mehdirhasan Whichever country Muslims are majority, invariably Millions of Minorities vanished without a trace, @UN and @UNHumanRights don't even raise an eyebrow about that. 

Parents  become concern of their childrens safety, if Muslims increase in neighborhood. 

#Islamophobia";0
1205418525613023233;RAJ54353350;Fri Dec 13 09:25:46 +0000 2019;@SayeedaWarsi #islamophobia is just like playing victim over a silly scratch!;0
1205417031379505152;Subytweets;Fri Dec 13 09:19:50 +0000 2019;A #SabarimalaTemple devotee on a 41 day fast fighting against #Islamophobia . That's Kerala for you! https://t.co/OpL95bMWDn;0
1205415634244456448;Ianmac5Ian;Fri Dec 13 09:14:17 +0000 2019;@sajidjavid said it was a bad night for #Antisemitism then it was a good night for #Islamophobia #Racism #HostileEnvironment  #GMB;0
1205414067478958080;OT_Expert;Fri Dec 13 09:08:03 +0000 2019;"Sally-Ann Hart elected #Conservative #MP for #HastingsandRye
Under investigation for #Islamophobia &amp; #Antisemitism this video shows her defending her views on why ppl w/#LearningDisabilities don't need #MinimumWage
TY @HastingsInPress
@ciarale01 #SEND @PaulaMc007 @JeremyH09406697 https://t.co/lsLAjDcBpI";0
1205412478492041216;craigroybrown;Fri Dec 13 09:01:45 +0000 2019;@SayeedaWarsi #Islamophobia is a massive issue within @Conservatives and needs to be investigated as promised by @BorisJohnson @sajidjavid;0
1205412421613051904;ekoagogo;Fri Dec 13 09:01:31 +0000 2019;"And yet, his son won. Britain voted him in. 
We are a tiny island that I have been so proud of all my life until now. 
Just listen to this horrific #racism and #Islamophobia coming from @BorisJohnson our @10DowningStreet‚Äôs own father! 

What hope do we have now? https://t.co/EUg7cvR7i5";0
1205410388076044288;JerryHicksUnite;Fri Dec 13 08:53:26 +0000 2019;"Distortion of democracy -
Extent of media propaganda against Corbyn. Factiva media search covering 45 days since #GE19 was called to today. Articles in UK press (not broadcast)

Corbyn &amp; #Antisemitism -1,247
Johnson &amp; #Islamophobia - 159

Corbyn &amp; IRA ‚Äì 253
Johnson &amp; Yemen - 16 https://t.co/FoOejDRT6f";0
1205410388076044288;JerryHicksUnite;Fri Dec 13 08:53:26 +0000 2019;"Distortion of democracy -
Extent of media propaganda against Corbyn. Factiva media search covering 45 days since #GE19 was called to today. Articles in UK press (not broadcast)

Corbyn &amp; #Antisemitism -1,247
Johnson &amp; #Islamophobia - 159

Corbyn &amp; IRA ‚Äì 253
Johnson &amp; Yemen - 16 https://t.co/FoOejDRT6f";0
1205408593807327237;NTryand;Fri Dec 13 08:46:18 +0000 2019;I was wondering, could some @Conservatives voters reply to this tweet to say why they voted for @BorisJohnson. In my opinion, I don‚Äôt see any reason to #vote for him, considering his long history of #homophobia, #xenophobia, #misogynism, #islamophobia and #racism.;0
1205408208740900864;nibbyglitterbug;Fri Dec 13 08:44:47 +0000 2019;@BBCPolitics @BBCNews What about Muslim voters??? Is this forgotten! #Islamophobia;0
1205408062393212928;craigroybrown;Fri Dec 13 08:44:12 +0000 2019;@sajidjavid So now we will wait for the investigation into #Islamophobia that was promised.;0
1205408030923333632;helpus1122;Fri Dec 13 08:44:04 +0000 2019;And yet #tory #Islamophobia is accepted with open arms by you? https://t.co/eMiOlLkr66;0
1205407847825182720;ahmedversi;Fri Dec 13 08:43:20 +0000 2019;#Quebec Court of Appeal refused to suspend Quebec law that bans public servants from wearing religious symbols while on the job. #Muslims argue the law unfairly targets Muslim women who wear #hijab. #discrimination #Islamophobia  https://t.co/9RKtpEPyxP;0
1205403054587011074;womin99;Fri Dec 13 08:24:18 +0000 2019;@nancyjames98 No it's better to move to #Pakistan or #Iran or #syria..no #Islamophobia , no racism , no corruption, full of left ideologies..;0
1205402077100273664;MediaFactoryInl;Fri Dec 13 08:20:25 +0000 2019;"The movie #AFREEN is the first dramatic feature that addresses the issue of ISIS phenomenon boldly and honestly. It shows you how #war is not the solution. To know more, visit  https://t.co/Zc1O4rn8YK
@Aash_0005 #Islamophobia #terrorism #WINNER #Love #Story #movie https://t.co/AjclfsM1X6";0
1205401374248321024;anira_khokhar;Fri Dec 13 08:17:37 +0000 2019;Waking up to the devastating news that the majority of the country voted in a #racist, #Islamophobia #homophobic government who will sell the #NHS, and make the poor suffer. But, the ppl who voted for the #Tories knew that. #notmygovernment #GeneralElection;0
1205400406437834753;E1MYX;Fri Dec 13 08:13:46 +0000 2019;#Islamophobia #facts the people who choose a racist PM who has been sacked for lying in the past. hes an #immigrant. while in another hand #JeremyCorbyn is full on #British so they choose an #immigrant to be they PM as he's openly racist;0
1205396905230045184;tweet_f4cts;Fri Dec 13 07:59:52 +0000 2019;"Election night as C4 descends into a bigoted rant by the UK PM own father.

#GeneralElection2019 
#Islamophobia 
#ToryIslamophobia https://t.co/JWFvlcwXE5";0
1205395059044159490;HugoSugg;Fri Dec 13 07:52:31 +0000 2019;Our Conservatives must hold a review into #Islamophobia! üíô https://t.co/6MlYXhzgZO;0
1205391631748358145;CharleyTakaya;Fri Dec 13 07:38:54 +0000 2019;Long Ago as Predicted - #BREXIT will happen, then #FREXIT as the #EU's Repatriation, acceptance of War Refugee BS is a Multicultural Nightmare. Not because of Race, but because of allowing inflow of Radical Extreme Islam, not #Islamophobia But Truth. #PittySweden #SvenskeHell #UK https://t.co/5tL9ylnZNn https://t.co/ICpFAMdTe4;0
1205390240363335680;Jupiterman007;Fri Dec 13 07:33:23 +0000 2019;These people cry for #Islamophobia who don't respect democracy of #India #UnitedKingdom ? people like her doing g8 disservice for her community by spreading hate #UKElection #UKelection2019 https://t.co/PIGYdkFefX;0
1205390216673935360;philkef;Fri Dec 13 07:33:17 +0000 2019;@christopherhope But to all #Moslems #BeAfraid #BeVeryAfraid said #BorisJohnson #Islamophobia #BritishElection;0
1205389321940938753;michaelnixon70;Fri Dec 13 07:29:44 +0000 2019;"10yrs of austerity
""Please sir can I cave another"" thwack .
#NotMyPrimeMinister #racist #Islamophobia";0
1205385851850633216;glykosymoritis;Fri Dec 13 07:15:56 +0000 2019;How China persuaded one Muslim nation to keep silent on #Xinjiang camps - Beijing funded visits by Indonesian religious leaders to show how its re-education centers are a well-intended effort at providing #Uighurs with job training https://t.co/CbR98IeSy7 #communism #islamophobia https://t.co/FPCKX7VDlI;0
1205383268985688064;dare1024;Fri Dec 13 07:05:40 +0000 2019;"@SayeedaWarsi OUR Party and government must protect us from Islam, and allow criticism of Islam by the likes of #TommyRobinson &amp; #KatieHopkins. #Islamophobia my arse";0
1205379889945296897;MehreenTweets;Fri Dec 13 06:52:15 +0000 2019;@tezilyas I may as well already rename myself 'letterbox' or 'bank robber' and start looking for a new job! #Islamophobia #NHSForSale #generalelections2019;0
1205372753014116352;Khan_HassanN;Fri Dec 13 06:23:53 +0000 2019;"With this state of affairs, How on earth &amp; with which morality we voice &amp; fight against the atrocities #Kashmiris are facing at the hands of populist, democratically elected #HindutvaTerrorism, #Palestine, #Islamophobia We are hypocrites/Munafiq &amp; Allah never spares this lot.";0
1205372535556231168;gWoodi;Fri Dec 13 06:23:01 +0000 2019;"#islamophobia Empowering encyclopedia site: Hindus kept captive in Islamic #Bangladesh for conversion #ransom &amp; rape https://t.co/vdz0PsgzQK";0
1205369361071886336;Roshikadeo;Fri Dec 13 06:10:25 +0000 2019;"This is for #FijiHinduFundamentalists &amp; right-winged #FijiVHP who don‚Äôt know shit about the implications of #CitizenshipBill in #India and are only motivated by their propaganda of #HinduSuperiority &amp; #Islamophobia #FijiNews

#Assam speaks out: https://t.co/WgDO5JP4eZ";0
1205367497714622464;dilmd31;Fri Dec 13 06:03:00 +0000 2019;"Islamophobic incidents rose 375% after Boris Johnson compared Muslim women to ‚Äòletterboxes‚Äô
Source : @Independent 
#Islamophobia #BorisJohnson";0
1205365875903258624;choppychopdat;Fri Dec 13 05:56:34 +0000 2019;"#Islamophobia  crime will shoot up 
And Brexit will now put us on the wrong side poverty 
The rich will get rich and the most of us will get poor 
Thank you uk for breaking up.this country also
Breaking up the good Friday agreement 
Putting a border on the Irish sea";0
1205365871260176384;choppychopdat;Fri Dec 13 05:56:32 +0000 2019;"The scary thing been that people who so called celebrities have called out antisemitism but have been ok with #Islamophobia 
There his behind there vote by saying I am voting for lib dems 

We have now voted for someone who is happy for this country";0
1205363899391832064;ashilbran;Fri Dec 13 05:48:42 +0000 2019;#Islamophobia is the new sexy https://t.co/65PC3NsvhQ;0
1205359734594949121;umaenauman_09;Fri Dec 13 05:32:09 +0000 2019;It's the second time when #British people hv chosen #lies #FoodBanks #Islamophobia over better #healthcare #wellbeing #inclusiveness. My cousin is married to a #Romanian #EUCitizen. They don't know what #future holds for them and their #child. At least... https://t.co/hMFyhMSY3B;0
1205358575087951872;sanjeevhapur;Fri Dec 13 05:27:33 +0000 2019;@KhaledBeydoun There is nothing called #Islamophobia. There is enough Islamophobia within Islam. U guys killing ur brother sisters for some sort of #Caliphate. Why don't u speak for muslims (#Ahmadiya, #Mujahirs) suffering in Pakistan?;0
1205356650468536320;HalElle;Fri Dec 13 05:19:54 +0000 2019;"@SayeedaWarsi It's Britain first.  Not Muslims first.  Stop thinking you are entitled.  Stop with the victimhoid and fake #islamophobia. .  

It's time vets were put first.  They fought for you to be free.  Appreciate them. Not yourself. .";0
1205354252102598657;AshN70297640;Fri Dec 13 05:10:22 +0000 2019;@KTHopkins I think first thing Boris government do is define #Islamophobia correctly. Fear of people who kill innocents in the name of the god is rational. So, do away with #Islamophobia related laws.;0
1205354216807714817;ages_sages;Fri Dec 13 05:10:14 +0000 2019;@SayeedaWarsi Britains under a Left beholden to Islam can't even be trusted with dinner utensils. #Islamophobia is the most disgusting word to ever creep into the English language, specifically because it provides any shelter whatsoever from reality, and the mutulating terrorists it protects.;0
1205354175258857472;UstadhMQ;Fri Dec 13 05:10:04 +0000 2019;"@mshafiquk Those who disbelieve said to their Messengers: ""Surely we will get you out of our country, unless you revert to our faith and way of life."" Then their Lord revealed to the Messengers: ""Most certainly, We will destroy the wrongdoers"" [Quran - Ibrahim:13]

#GE2019
#Islamophobia";0
1205353302487130112;Piglet_scooter;Fri Dec 13 05:06:36 +0000 2019;"@SayeedaWarsi The over use of the word #Islamophobia no longer works in shutting people up. 
They tried that in the U.S. 
It doesn't work anymore.";0
1205353254613377024;Braxy250;Fri Dec 13 05:06:24 +0000 2019;"@KTHopkins ....""Independent Inquiry into #Islamophobia is a must first step""... Never, ever, ever, let this happen. This is about Muslims intimidating elected MPs. @sayeedawarsi";0
1205353254613377024;Braxy250;Fri Dec 13 05:06:24 +0000 2019;"@KTHopkins ....""Independent Inquiry into #Islamophobia is a must first step""... Never, ever, ever, let this happen. This is about Muslims intimidating elected MPs. @sayeedawarsi";0
1205352978108035074;nakshatra1812;Fri Dec 13 05:05:19 +0000 2019;"#Islamophobia is a mask that you bigoted radicals wear to conceal your jihadi mindset!
Blowing up innocents around the world chanting Ola o Uber is Islamaphobia? 
Give the world a fucking break!!! @KTHopkins #UKelection2019 #GeneralElection2019 https://t.co/U6bzRoVuJj";0
1205336477900713985;convencia;Fri Dec 13 03:59:45 +0000 2019;#ShabbirAkhtar, philosopher, said in 80‚Äôs the next time in Europe there are people killed in gas ovens they‚Äôll be #Muslims. There‚Äôs so much anti-Muslim hatred now it‚Äôs terrifying - especially as now validated by our PM! #Islamophobia and #racism have driven this election result! https://t.co/8iRJh2WPwN;0
1205329624865165317;ljb3831;Fri Dec 13 03:32:31 +0000 2019;Never mind the fat lady singing, it's the skinny nice guy saying he won't try again. It's over for today. But I will try to remain hopeful for, one day, a government that actually sees to the majority of people isn't legitimising #Islamophobia or racism or LYING to me #GE2019;0
1205324663229992960;1GlobalCaliph;Fri Dec 13 03:12:48 +0000 2019;"Accept #Islam #POTUS45 - Read invitation to #Islam letter below.
#impeachmentDebate #ImpeachmentInquiry #ImpeachingHearing #MAGAPhobia #Islamophobia #ImpeachmentArticles #ImpeachmentDay #KAG2020 #KAG #Trump #Trump2020 #POTUS #POTUSOfA #Islamisme #Islamic #JudiciaryCommittee https://t.co/AUCXb6aE8U";0
1205324446614966272;Muslims4USA;Fri Dec 13 03:11:56 +0000 2019;"I just hear a Labor MP live on TV. She was depressed. Now I see this tweet. Sorry to hear. Who has the majority is up to the British People, it would have been nice to have a good presence of Labor. 
#LabourParty #FridayThoughts #FridayFeeling #FridayMotivation #Islamophobia https://t.co/KBz07iNNn2";0
1205322147599699968;YousifJXB;Fri Dec 13 03:02:48 +0000 2019;This is exactly what I have to go through every single day. I do not ‚Äústab random people on the street‚Äù. Islamophobia is on the rise and this is just one of many proofs. #Islamophobia https://t.co/DTE0VUwezz;0
1205321541606526977;thequ4nt;Fri Dec 13 03:00:23 +0000 2019;"There is only one reason for the #UKElection #Corbyn #Labour's loss: #Islamist #Terrorism(.)

#ikhwan #dawa #taqiyya #sharia @SadiqKhan #MayorOfLondon #londonistan

FBI [VIDEO] https://t.co/gblOmUws3E ‚Äú#islamophobia‚Äù: #islamist #terrorists‚Äô #TrojanHorse";0
1205313887907639297;narlak;Fri Dec 13 02:29:59 +0000 2019;"The greatest crime committed in independent India has been thoroughly whitewashed. But some shades of crimson stick permanently.
#GujaratGenocide
#Islamophobia https://t.co/7XPbBZgT22";0
1205313007544422400;toddhgreen;Fri Dec 13 02:26:29 +0000 2019;"What is the most compelling way to defeat right-wing political parties fueled by rampant #Islamophobia? Clearly, Jeremy Corbyn &amp; the Labour Party couldn't figure this out. Will Joe Biden fare better if he is the Democratic nominee? I have my doubts. #2020Elections #UKelection2019";0
1205304807713628160;saeedwkhan;Fri Dec 13 01:53:54 +0000 2019;"Roger literally uses an anti-Muslim stereotype and bigoted opinion of Muslim women to try to defend Boris Johnson's #Islamophobic comments.   

@mehdirhasan  #islamophobia https://t.co/eMAriJiBjK";0
1205303475158040578;AdnanHussainuk;Fri Dec 13 01:48:36 +0000 2019;"@RachelRileyRR Campinging about #Antisemitism yet doesn't regards the sheer evidence of #Islamophobia in the @Conservatives party. 

#DoubleStandards #Hypocrite

God gave you a brain, clearly not using the full potential of it. #Tosser";0
1205301205678903298;citizenNA;Fri Dec 13 01:39:35 +0000 2019;"Expect rise in #racist #Islamophobia incidents as happened after #brexit referendum 
#GeneralElection19";0
1205301043782922240;memneon;Fri Dec 13 01:38:56 +0000 2019;@DrewHolden360 @OliverRMills Normal people should reject #Islamophobia too but let's not talk about the problem the Tories have with that.;0
1205285049098293248;brewbich;Fri Dec 13 00:35:23 +0000 2019;"I see the @BBCNews and @bbclaurak are deciding who the new leader of the Labour Party should be.... out of 7 results labour has 5.. tory 2
Laura how about the #Islamophobia that is rife in the Conservative Party, still spinning the antisemitism crock of shit...";0
1205284082961141760;intercepts1a;Fri Dec 13 00:31:33 +0000 2019;"#abortion #Islamophobia #WarOnWomen #WhiteSupremacists
""The idea that white people are being 'replaced' by non-whites and non-Christians has long been a fallacy propagated by white supremacists.""
https://t.co/ejQQCi5hhi";0
1205280166739632129;AnMai08;Fri Dec 13 00:15:59 +0000 2019;#Islamophobia in the UK will get worse. As a Muslim woman who wears a headscarf, I now fear for the safety of my family and myself. üòû #exitpoll https://t.co/wuJdBUCDYb;0
1205279223235125251;TLeeB;Fri Dec 13 00:12:14 +0000 2019;Anti-Semitism seems to have been a factor in why Corbyn didn't win, but Boris' Islamaphobia seems to have been a factor in why he did. I'd be very worried if I was (a Muslim) in Britain. #UKElection #GeneralElection2019 #Islamophobia #Boris #Corbyn https://t.co/wBAGjFTmz6;0
1205276902933585923;Riqqi_Diqulus;Fri Dec 13 00:03:01 +0000 2019;"@bbclaurak @BBCPolitics #RussiaReport #Islamophobia / #Racism reports ARE promised by the end of the year. What of them?
#Lies #ToryLies #NeverTrustATory";0
1205276803159511041;toddhgreen;Fri Dec 13 00:02:37 +0000 2019;Did Boris Johnson and the Conservative party win despite  their persistent #Islamophobia or because of it? We have yet another election in which anti-Muslim racism does not tank a political party's electoral chances but arguably bolsters them. #GE2019   https://t.co/X1iwOUW6sC;0
1205271674725253120;Vichy4321;Thu Dec 12 23:42:14 +0000 2019;@PaulBrandITV Not anymore #Antisemitism and #Islamophobia is on the rise there #Sad;0
1205270718390394891;manzoor_ahad;Thu Dec 12 23:38:26 +0000 2019;"@BorisJohnson win in #UKElection is proof @realDonaldTrump 2nd term is possible.

Selling criticism of #Israel as #Antisemitic works!
#Socialism fear-mongering works!
#Racism, #Xenophobia, #Islamophobia, immigrant-hate works!

Thank you @jeremycorbyn for not selling out.";0
1205269809123995649;MrHappy4870;Thu Dec 12 23:34:49 +0000 2019;Niger army base attack leaves at least 71 soldiers dead https://t.co/a2BH5reN8S #islam #islamophobia #terrorism;0
1205269474829623297;MrHappy4870;Thu Dec 12 23:33:30 +0000 2019;American Islamic Scholar Based In Texas Sheikh Yasir Qadhi Defends Antisemitic Comments: https://t.co/GR1AiUeUz1 #islam #Islamophobia #terrorism #antisemitism;0
1205268192916070401;MrHappy4870;Thu Dec 12 23:28:24 +0000 2019;#Denmark police say terror attack plans foiled, 20 arrested https://t.co/HHMShGc6aY #islam #islamophobia #terrorism;0
1205266611701272577;Techstocks5;Thu Dec 12 23:22:07 +0000 2019;@BorisJohnson Let's hope you dont start banning letter boxes. #Islamophobia;0
1205265175756099585;SayeedaWarsi;Thu Dec 12 23:16:25 +0000 2019;"My Party must start healing its relationship with British Muslims 
Endorsements from #TommyRobinson &amp; #KatieHopkins &amp; colleagues retweeting both is deeply disturbing
Independent Inquiry into #Islamophobia is a must first step 
The battle to root out racism must now intensify üí™üèΩ https://t.co/ztK4ICpmNX";0
1205264005901750278;mobbiemobes;Thu Dec 12 23:11:46 +0000 2019;"It‚Äôs not Boris tht upsets me. Yes, he‚Äôs a terrible indiv but wht disturbs me more is tht so many ppl hold his views. Electing the Tories signals to me tht many Brits find #Islamophobia, #racism, &amp; #antisemitism perfectly acceptable. This should worry us greatly. #ElectionDay2019";0
1205261864692781057;PlanB03012009;Thu Dec 12 23:03:15 +0000 2019;"@UKLabour can now cry and see all my tweets!

#racism #islamophobia #taxevasion #moneygrabing #looting is in blood of inherently  #colonial minded #brits!

#GeneralElection2019 https://t.co/gAPlHdnHqC";0
1205260053684637696;brisofa;Thu Dec 12 22:56:04 +0000 2019;@tezilyas talking sense re the fact that #Islamophobia has not been taken as seriously as anti-Semitism #exitpoll #C4AltElection #JudgeRobRinder saying the character bar has been the lowest ever.;0
1205259550036619264;fran2col;Thu Dec 12 22:54:04 +0000 2019;@tezilyas #Islamophobia That's the tea. Right there! #C4AltElection;0
1205258498415702016;Muadh_Khan;Thu Dec 12 22:49:53 +0000 2019;"Hard #Brexit ‚úî
Independent #Scotland ‚úî
United #Ireland ‚úî
Little #England ‚úî
#NHS Sold off ‚úî
Foreigners/Immigrants Hounded ‚úî
#Islamophobia ‚úî

#ExitPolls
#ElectionDay2019
#GeneralElection
#GeneralElection2019";0
1205252088348868608;nottoowarmplz;Thu Dec 12 22:24:25 +0000 2019;Fascism creeps ever closer. No one will save us but ourselves. #UKElection #exitpoll #Antisemitism #racism #islamophobia #xenophobia #Brexit #UKelection2019;0
1205248174622949376;Saf_D;Thu Dec 12 22:08:51 +0000 2019;"With Boris Johnson &amp; the Tory party unashamedly Islamophobic, and #Islamophobia in society clearly on the rise, we've joined the rest of Europe in having facists in power.";0
1205245551895367683;MichaelSadgrove;Thu Dec 12 21:58:26 +0000 2019;"@giles_fraser Since we‚Äôre disclosing...
Because of #antisemitism,
Because of #Islamophobia,
Because of #Brexit,
Because of the #ClimateCrisis,
Because of #Equality,
Voted for the @LibDems.";0
1205243717432549378;kobysnews;Thu Dec 12 21:51:09 +0000 2019;The sanctimonious #LabourParty voters with self-satisfied, supercilious, holier-than-thou smiles on their faces, they'd vilify #Corbyn if he was mired in #Islamophobia, #homophobia or anti-black #racism but he isn't, it's #Antisemitism and, about that, they couldn't give a sh*t!;0
1205242181541408769;ACMCU;Thu Dec 12 21:45:03 +0000 2019;"""Sonny Bill Williams: 'We've been taught to be embarrassed of Islam' "" | CNN https://t.co/43BkVlHn7e #MuslimsintheWest #NewZealand #SonnyBillWillims #Islamophobia";0
1205238011341856768;burmesebelle;Thu Dec 12 21:28:28 +0000 2019;"India just redefined its citizenship criteria to exclude Muslims. Modi is just a brown Trump. This is disgusting - to deny individuals of citizenship solely based on their religion. #India #Islamophobia
https://t.co/uzRfYndSmy via @voxdotcom";0
1205235229478141952;RAJ54353350;Thu Dec 12 21:17:25 +0000 2019;@SkyNews Muslim appeasement at its heights. If you say something against her all morons and liberal sickulars will start screaming #Islamophobia !! What a joke.;0
1205230529035022336;KDPEP64;Thu Dec 12 20:58:44 +0000 2019;"If I talk about #hope #change #empathy
And
#Islamophobia #narcissist
#nonsense

I guess its obvious who Im talking about in this election right?";0
1205228841251282944;FaithAtheismNub;Thu Dec 12 20:52:02 +0000 2019;"#StudyIdeas #Islam #IslamicState #Islamophobia Knowledge is power site;Whats the value of abrogated verses in #Koran https://t.co/V8H5Gmomsa";0
1205226338619146240;MakeAmericaWait;Thu Dec 12 20:42:05 +0000 2019;You're a Tory blue or #yellowTories it's all the same more #austerity #NHSprivatisation #bedroomtax #dementiatax #windrush #HostileEnvironment #Islamophobia https://t.co/QqxCjUKFqR;0
1205224069794279424;MozziVitaz;Thu Dec 12 20:33:04 +0000 2019;"India is islamophibic country
#Islamophobia 
#india";0
1205220971948445696;TC1973;Thu Dec 12 20:20:46 +0000 2019;"Hi .@ElectoralCommUK 
This is outright DISGUSTING behaviour by the .@Conservatives &amp; it‚Äôs ldr .@BorisJohnson after the promise of suspension and expulsions in front of a UK wide audience last week...
#Islamophobia #YouthQuake
.@mehdirhasan .@mendcommunity .@miqdaad .@LabourParty https://t.co/ee6skIYrzT";0
1205215745702940672;IndianaCSmedia;Thu Dec 12 20:00:00 +0000 2019;Why French #Jews And #Muslims Are Learning Each Other‚Äôs Language https://t.co/Hp0eKLoYzL via @csmonitor #antisemitisme #Antisemitic #Islamophobia https://t.co/Tp4OElJzR4;0
1205215065953251329;MakeAmericaWait;Thu Dec 12 19:57:18 +0000 2019;#VoteSNP to end Tory hate and LibDem collusion with #austerity #rapeclause #NHSprivatisation #bedroomtax #HostileEnvironment #Islamophobia https://t.co/8isieQyG3n;0
