1204329616283983872;wealdengirl;Tue Dec 10 09:18:50 +0000 2019;"RT @gy_sh1n: Corbyn has spent his entire political career providing succour &amp; support to various #terrorist #extremist #militant groups fro‚Ä¶";0
1204326336023683075;SplendidTory;Tue Dec 10 09:05:48 +0000 2019;"RT @gy_sh1n: Corbyn has spent his entire political career providing succour &amp; support to various #terrorist #extremist #militant groups fro‚Ä¶";0
1204316297250693120;AWorriedMan;Tue Dec 10 08:25:55 +0000 2019;"RT @gy_sh1n: Corbyn has spent his entire political career providing succour &amp; support to various #terrorist #extremist #militant groups fro‚Ä¶";0
1204311670002241536;ITweetYrHealth;Tue Dec 10 08:07:31 +0000 2019;"RT @ITweetYrHealth: ""This is the Jeremy #Corbyn Election. Tory strategists have grappled with the dilemma of whether to frame him as a dang‚Ä¶";0
1204276206658564096;SneekyHen;Tue Dec 10 05:46:36 +0000 2019;"RT @gy_sh1n: Corbyn has spent his entire political career providing succour &amp; support to various #terrorist #extremist #militant groups fro‚Ä¶";0
1204182005795164166;ToriJordan212;Mon Dec 09 23:32:17 +0000 2019;"RT @gy_sh1n: Corbyn has spent his entire political career providing succour &amp; support to various #terrorist #extremist #militant groups fro‚Ä¶";0
1204181496153686019;notamused666;Mon Dec 09 23:30:15 +0000 2019;"RT @gy_sh1n: Corbyn has spent his entire political career providing succour &amp; support to various #terrorist #extremist #militant groups fro‚Ä¶";0
1204181360363163650;SheronC01571447;Mon Dec 09 23:29:43 +0000 2019;"RT @gy_sh1n: Corbyn has spent his entire political career providing succour &amp; support to various #terrorist #extremist #militant groups fro‚Ä¶";0
1204180706642907136;SdBachman;Mon Dec 09 23:27:07 +0000 2019;"RT @gy_sh1n: Corbyn has spent his entire political career providing succour &amp; support to various #terrorist #extremist #militant groups fro‚Ä¶";0
1204179260438646785;no1lawyer;Mon Dec 09 23:21:22 +0000 2019;"RT @gy_sh1n: Corbyn has spent his entire political career providing succour &amp; support to various #terrorist #extremist #militant groups fro‚Ä¶";0
1204178718358298625;SirMickW;Mon Dec 09 23:19:13 +0000 2019;"RT @gy_sh1n: Corbyn has spent his entire political career providing succour &amp; support to various #terrorist #extremist #militant groups fro‚Ä¶";0
1204177912842334208;COLRICHARDKEMP;Mon Dec 09 23:16:01 +0000 2019;"RT @gy_sh1n: Corbyn has spent his entire political career providing succour &amp; support to various #terrorist #extremist #militant groups fro‚Ä¶";0
1204176811355201537;NYT65955049;Mon Dec 09 23:11:39 +0000 2019;Today #Muslims are unwanted #minority in #india tomorrow the rest of the minorites will #follow this is what happens when #country run by #extremist and they still claim to be a #Democracy #lol https://t.co/AW4kFAmeaK;0
1204175556029366273;gy_sh1n;Mon Dec 09 23:06:39 +0000 2019;"Corbyn has spent his entire political career providing succour &amp; support to various #terrorist #extremist #militant groups from IRA to Hamas, Hezbollah, Black September etc.
It's hard to avoid the conclusion he is a terrorist sympathiser #NeverCorbyn https://t.co/2l0lioUT8j";0
1204169695408119809;RoaringSUNSHINE;Mon Dec 09 22:43:22 +0000 2019;Why is it @jessphillips doesn‚Äôt give a toss about ‚Äúgrievances‚Äù of constituents (as you can hear in this recorded conversation, she is constantly talking over me.. SHE AND HER STAFF ARE RIGHT) - FUNDAMENTAL thinking. She is an #extremist #jessphillips @UKLabour #ExposingLabour;0
1204169405858566148;RunSalmanMah;Mon Dec 09 22:42:13 +0000 2019;RT @Horus18990200: What surprises me is how people are surprised and shocked at what the #EXTREMIST #HINDU #TERRORISTS #RSS #BJP are doing.‚Ä¶;0
1204153398456733696;RashidM44238926;Mon Dec 09 21:38:36 +0000 2019;RT @Horus18990200: What surprises me is how people are surprised and shocked at what the #EXTREMIST #HINDU #TERRORISTS #RSS #BJP are doing.‚Ä¶;0
1204149480397955073;Horus18990200;Mon Dec 09 21:23:02 +0000 2019;"What surprises me is how people are surprised and shocked at what the #EXTREMIST #HINDU #TERRORISTS #RSS #BJP are doing.....
This has been their and now the majority of #Hindu's agenda ever since they came into existence.
Nobody can fight this, it has to run its course!";0
1204112414356246528;Ivailo97871573;Mon Dec 09 18:55:45 +0000 2019;RT @RANEurope: Working with #radicalised people with #mentalillness is challenging. Which aspects of mental illness may be considered whene‚Ä¶;0
1204110508049207296;tommymiles;Mon Dec 09 18:48:11 +0000 2019;RT @PolicyCenterNS: ‚ÄúVEOs appear to understand better local context, local communities challenges, and how to address them. That generated‚Ä¶;0
1204107110272901121;PolicyCenterNS;Mon Dec 09 18:34:40 +0000 2019;‚ÄúVEOs appear to understand better local context, local communities challenges, and how to address them. That generated sympathy and support for them. VEOs didn‚Äôt create existing conflicts, they exploited them.‚Äù @rmaghrebi @NATOFoundation  #violent #extremist #organizations https://t.co/7DIzqRsCom;0
1204105485986779136;DailyExtremist;Mon Dec 09 18:28:13 +0000 2019;"Ginger #extremist, 40, jailed over ISIS

https://t.co/xMr8MtwYdm";0
1204091183296843776;SyedSibbiezz;Mon Dec 09 17:31:23 +0000 2019;RT @FTajikyar: Feel really sorry for the people of #kashmir, who are suffering at the hands of #fascist/#Extremist #India from the last man‚Ä¶;0
1204050645529038849;leopardtwo;Mon Dec 09 14:50:18 +0000 2019;"RT @leopardtwo: He put his interests ahead of the nation's. #extremist #Obama #DemocratsAreDangerous #Russia #conspiracy
https://t.co/hjieP‚Ä¶";0
1204050589111459841;leopardtwo;Mon Dec 09 14:50:05 +0000 2019;"He put his interests ahead of the nation's. #extremist #Obama #DemocratsAreDangerous #Russia #conspiracy
https://t.co/hjiePBdVnV";0
1204048336736514048;Shadi_Alkasim;Mon Dec 09 14:41:08 +0000 2019;"A ginger-bearded #extremist who was jailed for setting up a stall in #Oxford Street to drum up support for #ISIS is still posting inflammatory #messages #online after being let out

https://t.co/rjlYzAyPSX";0
1204046532942737408;ultravioletuvc;Mon Dec 09 14:33:58 +0000 2019;RT @FTajikyar: Feel really sorry for the people of #kashmir, who are suffering at the hands of #fascist/#Extremist #India from the last man‚Ä¶;0
1204046145590374401;IMPACT_SE;Mon Dec 09 14:32:25 +0000 2019;"The #Amman Message, taught in Jordanian school #textbooks, is a clear example of how #Jordan has worked on counteracting #extremist, violent ideologies. Only by educating the #youth and having them embrace #pluralism and #tolerance can we create a positive future. 
@edugovjo https://t.co/B5IrA1TJte";0
1204045982184415232;Habbash;Mon Dec 09 14:31:46 +0000 2019;RT @FTajikyar: Feel really sorry for the people of #kashmir, who are suffering at the hands of #fascist/#Extremist #India from the last man‚Ä¶;0
1204039248946573315;HarrisKhan07;Mon Dec 09 14:05:01 +0000 2019;RT @FTajikyar: Feel really sorry for the people of #kashmir, who are suffering at the hands of #fascist/#Extremist #India from the last man‚Ä¶;0
1204038507003568128;salam_khan111;Mon Dec 09 14:02:04 +0000 2019;RT @FTajikyar: Feel really sorry for the people of #kashmir, who are suffering at the hands of #fascist/#Extremist #India from the last man‚Ä¶;0
1204038254833651713;PropitiousOn3;Mon Dec 09 14:01:04 +0000 2019;RT @FTajikyar: Feel really sorry for the people of #kashmir, who are suffering at the hands of #fascist/#Extremist #India from the last man‚Ä¶;0
1204036941022453760;SadiaSattar_;Mon Dec 09 13:55:51 +0000 2019;RT @FTajikyar: Feel really sorry for the people of #kashmir, who are suffering at the hands of #fascist/#Extremist #India from the last man‚Ä¶;0
1204035674841788418;FTajikyar;Mon Dec 09 13:50:49 +0000 2019;Feel really sorry for the people of #kashmir, who are suffering at the hands of #fascist/#Extremist #India from the last many decades. https://t.co/IakodO8nwh;0
1204026217957150727;Jenny75902558;Mon Dec 09 13:13:14 +0000 2019;@JMPSimor Angry you're losing the battle? ü§£ü§£ #Extremist I hope @darrengrimes_ sues you;0
1204007203688140805;mujhemmet;Mon Dec 09 11:57:41 +0000 2019;"#Chinazi says: The essential goal of the #reeducation camps in #Eastturkistan is to deradicalize #Uighurs exposed to #extremist &amp; #terrorist teachings and prevent #Uighurs from act of terrorism. this simply means that we are #terrorist. Shame on #China. Condemn it!@OIC_OCI @UN https://t.co/EYArlQkoTv";0
1204006670369734657;GuyJackson4;Mon Dec 09 11:55:34 +0000 2019;"Jesus Christ how have we got to this point?  Such a great country bought to it knees by extremists. 
@BorisJohnson (Nazi) @jeremycorbyn (Commi) go jump over the nearest cliff and let us bring moderation back. 
#dangerous #idealistic #powerhungry #extremist #morons https://t.co/sf0Egmuxn8";0
1204000838114406400;GoanDoctor;Mon Dec 09 11:32:23 +0000 2019;"RT @MaungMaungThei9: 2017
#Extremist Bengali Terrorist (ARSA) kill 100 Hindus at Rakhine #Myanmar.ICC,ICJ,OIC,EU and US are not say this ev‚Ä¶";0
1203963872778031104;sobon99;Mon Dec 09 09:05:30 +0000 2019;"Now is our chance:

Let us be having the #extremist-#subversives out of our #Parliament - a place of honour and privilege to serve the #UK people - not a place to be used for keeping us in subservience to those elsewhere that would have us a poppet state.

#UK #Parliament #GE2019";0
1203880379167510529;shahzain_pk;Mon Dec 09 03:33:44 +0000 2019;"#Extremist mindset of #India 
Very sorry state of #Minority #rights  iIndia...People of India have to stop such a ill mindedness https://t.co/12hbvWo0t9";0
1203855772058341377;BeckyIB;Mon Dec 09 01:55:57 +0000 2019;"#Extremist
#Evangelical
#Christians
The other Taliban. https://t.co/DmOAQFkFm7";0
1203831794551808000;BrianOKelley1;Mon Dec 09 00:20:40 +0000 2019;RT @MarkFromKeyport: Are you calling me an #extremist? I am a life member of the @NRA. I am 24 year #Veteran of the @USNavy! I continue to‚Ä¶;0
1203831344796590080;MarkFromKeyport;Mon Dec 09 00:18:53 +0000 2019;"Are you calling me an #extremist? I am a life member of the 
@NRA &amp; 24 year #Veteran of the @USNavy! I continue to serve #America, working for it when people need us. 

WHO THE FUCK ARE YOU CALLING AN EXTREMIST!!! 

How about we meet &amp; have a little debate about your lies!!#POS https://t.co/h8f9UuvOcM";0
1203830600013996032;MarkFromKeyport;Mon Dec 09 00:15:55 +0000 2019;Are you calling me an #extremist? I am a life member of the @NRA. I am 24 year #Veteran of the @USNavy! I continue to serve #America, working for it when people need us. WHO THE FUCK ARE YOU CALLING AN EXTREMIST!!! I want to meet you and have a little debate about your lies!!#POS https://t.co/h8f9UuvOcM;0
1203816761096671232;AdAsherTiphreh;Sun Dec 08 23:20:56 +0000 2019;"Hamas‚Äô Ties with Jeremy Corbyn‚Äôs Labour Party Election Efforts https://t.co/dZ48KT1wQD

#UK #corbyn #extremist #labourparty #ge2019";0
1203777097472233472;pressbuddy;Sun Dec 08 20:43:19 +0000 2019;"RT @CougarUsmc: #Pensacola #Briefing Just Finished.
They are certain the community is safe.
#Terrorism is on the table and we know he was‚Ä¶";0
1203768692271722498;johnmaccann;Sun Dec 08 20:09:55 +0000 2019;"The best way to stop an #extremist #Tory Government is to vote @UKLabour.  In some areas this may help. #TacticalVoting guide 2019: the 50 seats where it is vital to keep the Tories out #GE2019

https://t.co/i7io7Lw9JJ";0
1203748034984759297;buddy_dek;Sun Dec 08 18:47:50 +0000 2019;#Extremist Is The Word! https://t.co/0Q4biJD6Kd;0
1203735362000039936;CougarUsmc;Sun Dec 08 17:57:29 +0000 2019;"#Pensacola #Briefing Just Finished.
They are certain the community is safe.
#Terrorism is on the table and we know he was
 a #Muslim #Extremist. https://t.co/y2vm3lLBmx";0
1203672570714873856;ITweetYrHealth;Sun Dec 08 13:47:58 +0000 2019;"""This is the Jeremy #Corbyn Election. Tory strategists have grappled with the dilemma of whether to frame him as a dangerous #extremist, or dithering #incompetent. They needn't have bothered. In the eyes of the majority of those I've spoken to, he's both."" https://t.co/yQR4QefeSs";0
1203670907333439494;Eagleeye47;Sun Dec 08 13:41:22 +0000 2019;"How the #Left manufactured ‚Äò#FeeHike' Controversy in #JNU.
The recent student thuggery masquerading as #protestsatJNU had nothing to do with a fee hike,
was a well-planned strategy by #extremist #communists to keep the pot of ‚Äòkranti‚Äô boiling. https://t.co/cjLxPTYt10";0
1203658519746097162;elfulecosahraui;Sun Dec 08 12:52:08 +0000 2019;"RT @guerra_sahara: @Hasnaoui33 @NewYorker @UN BEWARE #morocco state sponsored #PROPAGANFGA #TROLLS #MANIPULATION
#Westernsahara is illegall‚Ä¶";0
1203651508610437120;guerra_sahara;Sun Dec 08 12:24:17 +0000 2019;"RT @guerra_sahara: @Hasnaoui33 @NewYorker @UN BEWARE #morocco state sponsored #PROPAGANFGA #TROLLS #MANIPULATION
#Westernsahara is illegall‚Ä¶";0
1203648605036392449;guerra_sahara;Sun Dec 08 12:12:44 +0000 2019;"@Hasnaoui33 @NewYorker @UN BEWARE #morocco state sponsored #PROPAGANFGA #TROLLS #MANIPULATION
#Westernsahara is illegally #OCCUPIED by #Morocco 
the Sharawi people have right to #INDEPENDENCE &amp; #Freedom from #morocco's #extremist #terrorist regime which VIOLATES #humanrights &amp; PLUNDERS #saharawi resources https://t.co/UPHCPUX3C4";0
1203585807329746944;sobon99;Sun Dec 08 08:03:12 +0000 2019;"@SkyNews @haynesdeborah The #UK is not obsessed with #Brexit - most of us want to get it done.

Those showing signs of obsession are the #extremist-#subversives that are attempting to undermine the democratic traditions and institutions of the #UK for their own personal gains.";0
1203512808731639810;miryamshabak;Sun Dec 08 03:13:08 +0000 2019;Considering the source, not surprising. #JVP is an #Unhinged #Extremist #AntiZionist #AntiSemitic #HateMonger and #TerrorSupporter https://t.co/ujlWEC2Xtl;0
1203492963676041217;leftwant2brite;Sun Dec 08 01:54:17 +0000 2019;RT @leftwant2brite: #Corbyn was radicalised into #farleft #Labour #Marxist #extremist activities at an early age, by his Communist parents,‚Ä¶;0
1203452882961477633;gy_sh1n;Sat Dec 07 23:15:01 +0000 2019;"Yet another example of Corbyn lying, this time on national TV. Corbyn is a useful idiot for the Iranian govt. &amp; various #terrorist &amp; #extremist organisations. https://t.co/51wHICCy7n";0
1203428715411193857;Horus18990200;Sat Dec 07 21:38:59 +0000 2019;#Kashmiris need to learn to make these to stop the #EXTREMIST #HINDU #TERRORISTS #RSS #BJP army thugs https://t.co/YcA1oNQ11y;0
1203426958022991873;LanceMNYC;Sat Dec 07 21:32:00 +0000 2019;@robin_shanda @soccerben Doubt any ‚Äúreal‚Äù denominations/religions are represented. Only #fanatical #extremist #evangelicals hoop, holler and hear imaginary voices like these #fools!;0
1203417802377445376;RANEurope;Sat Dec 07 20:55:37 +0000 2019;"Helping individuals from highly #radicalised milieus (e.g. group leaders) to leave #extremist groups and networks is a demanding process. Check out how people from EXIT- Germany initiative help radicalised individuals start a new life üëâ https://t.co/JAVu3MMxV9
#EXITStrategies https://t.co/Xa70X8HSW2";0
1203383293951041542;MariaMa34519283;Sat Dec 07 18:38:29 +0000 2019;RT @RANEurope: #Terroristgroups are capitalising on technology to extend the reach of their narratives to recruit young people. ‚ÄúRAN Commun‚Ä¶;0
1203372618805579776;chadalactalks;Sat Dec 07 17:56:04 +0000 2019;@MrAndyNgo Ive said this for years #America is on the brink of an #urbancivilwar #rightvsleft #democratevsconservative #catholicvsislam #blackvswhite then you have your #farrights or #leftists, #extremist etc. If we don‚Äôt kill this now we will end up like the #middleeast #thechadalactalks;0
1203340611002228736;twitmiser;Sat Dec 07 15:48:53 +0000 2019;"#Extremist? When the return to #Power is sinking deeper into oblivion ... what would you try? If you've never held ""Power ... control over others"", it's hard to see the Unbelievable #Truth? https://t.co/WKi9IK2msm";0
1203337321279623168;TornadoNewsLink;Sat Dec 07 15:35:48 +0000 2019;RT @TornadoNewsLink: What she means by those on the far #extremist fundamentalist fringes is #Christians who actually go by what it says in‚Ä¶;0
1203321969325854721;ASPaton;Sat Dec 07 14:34:48 +0000 2019;"RT @ASPaton: Scotland: The Big Picture - language is important

#Vermin
#Extremist
#ProblemSpecies
#Strathbraan
#GoldenEagles
#HenHarriers‚Ä¶";0
1203242990485098497;AhHonings;Sat Dec 07 09:20:58 +0000 2019;"Ex #British intelligence officers say
Corbyn #Laber #PvdA is at the centre of a hardleft #extremist network
Contacts stretch from #Marxist #intellectuals to #militant groups and illegal #terror #organisations
#Europe #EU #US 
#leftwing #EUexit 
#Euro #UK 
https://t.co/Knya4I2bSy";0
1203239144559960064;LikudUK;Sat Dec 07 09:05:41 +0000 2019;"@DouglasKMurray if you thing the #UK are Lax today on #extremist #terror, just think what it could be like next Saturday if @jeremycorbyn  @johnmcdonnellMP &amp; co are in charge. #NeverCorbyn #AnyoneButCorbyn #GE2019 https://t.co/nZxRlOzQBC";0
1203203813118627840;Al_Maldives;Sat Dec 07 06:45:18 +0000 2019;2 counts of terrorism made against local terror recruiter | SunOnline International #Terrorist #Terrorism #Terror #Extremist #Extremism #Islamist #Guns #Bombs #Suicide #Maldives  https://t.co/EfVgAYnSME;0
1203200639431409664;KahyinLam;Sat Dec 07 06:32:41 +0000 2019;"Incomparable sweetnesses.

#ÁòãÊóè #crazypeople 
#extremelove #extremist #Ê•µÁ´ØÂàÜÂ≠ê
#IDFT #IDlife #theIDteam #IDFoundationTeam #IDmessage
#IncredibleDomain
incredibledomain #theCityofDiamond #WeLiveBeyond‚Ä¶ https://t.co/R11qyEZy6T";0
1203200579838861312;KahyinLam;Sat Dec 07 06:32:27 +0000 2019;"My happiness.

#ÁòãÊóè #crazypeople 
#extremelove #extremist #Ê•µÁ´ØÂàÜÂ≠ê
#IDFT #IDlife #theIDteam #IDFoundationTeam #IDmessage
#IncredibleDomain
incredibledomain #theCityofDiamond #WeLiveBeyond‚Ä¶ https://t.co/V2gZf2UYuA";0
1203200393242648576;KahyinLam;Sat Dec 07 06:31:42 +0000 2019;"31 üòâ aging is a wonderful process of being a wiser and charmer, and I love it!

#ÁòãÊóè #crazypeople 
#extremelove #extremist #Ê•µÁ´ØÂàÜÂ≠ê
#IDFT #IDlife #theIDteam #IDFoundationTeam‚Ä¶ https://t.co/k9uGEFjisB";0
1203196926700580866;Al_Maldives;Sat Dec 07 06:17:56 +0000 2019;#Maldives raises terrorism charges against man on America's OFAC... #Terrorism #Terrorist #Terror #Extremism #Extremist #Islamist #ISIS #ISIL #Guns #Bombs  https://t.co/SdGCneJ1o7;0
1203096995629387776;fredhamilton;Fri Dec 06 23:40:50 +0000 2019;RT @Horus18990200: #India WILL NOT survive the #EXTREMIST #HINDU #TERRORISTS #RSS #BJP onslaught! https://t.co/NANaeQJ64H;0
1203051917359882241;Orly_licious;Fri Dec 06 20:41:43 +0000 2019;"@jjmacnab Karl Koenigs is back in jail in Wisconsin! h/t @scirreeve: ""Looks like Capt. Drunk Karl went back to WI and got arrested and is currently sitting in jail. Looks like he was picked up in Winnebago Co. and they transferred him to Marinette Co."" #oregonstandoff #SovCit #Extremist https://t.co/r0VNjQnaN9";0
1203033697252868096;TrampleLineUp;Fri Dec 06 19:29:19 +0000 2019;RT @sophielinksu: #SaudiWahhabi #DeathCult #Wahhabism = #Saudi mandated #Extremist ideology https://t.co/P4cofLoRce;0
1203031910986895360;sophielinksu;Fri Dec 06 19:22:13 +0000 2019;#SaudiWahhabi #DeathCult #Wahhabism = #Saudi mandated #Extremist ideology https://t.co/P4cofLoRce;0
1203014413982277634;elfulecosahraui;Fri Dec 06 18:12:41 +0000 2019;"RT @guerra_sahara: #WARNING!! #UK advice
#Terrorists are very likely to try to carry out attacks in #Morocco. There is an increased #threat‚Ä¶";0
1203002170720653312;RashidM44238926;Fri Dec 06 17:24:02 +0000 2019;RT @Horus18990200: #India WILL NOT survive the #EXTREMIST #HINDU #TERRORISTS #RSS #BJP onslaught! https://t.co/NANaeQJ64H;0
1202995836793376771;Ghost1455673598;Fri Dec 06 16:58:52 +0000 2019;RT @Horus18990200: #India WILL NOT survive the #EXTREMIST #HINDU #TERRORISTS #RSS #BJP onslaught! https://t.co/NANaeQJ64H;0
1202995552117501952;Horus18990200;Fri Dec 06 16:57:44 +0000 2019;#India WILL NOT survive the #EXTREMIST #HINDU #TERRORISTS #RSS #BJP onslaught! https://t.co/NANaeQJ64H;0
1202973985857851395;guerra_sahara;Fri Dec 06 15:32:03 +0000 2019;"@innercitypress @unsun @USAmbUN @antonioguterres @MatthewLeeICP @FUNCA_info @silas_atefor @iburundi @TigersOfAmba @joshrogin @margbrennan @EliseLabott @julianborger @AndrewBuncombe #UK does not even ALERT #tourists travelling to #Morocco &amp; #OCCUPIED #WesternSahara of #TERROR #ALERT https://t.co/aMH4G6vSNK 
#Terrorists #attacks in #Morocco &amp; Increased threat linked to number of Moroccans sympathetic or belonging to #Daesh/ #ISIL) and other #extremist groups";0
1202970090699923456;camaxAli;Fri Dec 06 15:16:34 +0000 2019;"@SagalAshour .@SagalAshour the #somalis defend their criminals,I do think he isn‚Äôt d ‚Äúonly‚Äùserial killer who have social media platform.I don‚Äôt wanna mention their name,but let‚Äôs be intelligent&amp;start seeing‚Äúco-village‚Äù#warcriminals&amp;only thn we can stop like this #extremist u r complaining abt";0
1202946545353510913;dharmstuti;Fri Dec 06 13:43:00 +0000 2019;"@Arshi7Khan 1 How #Islamist country's #Extremist transform in  secular automatically by #illLegal #imigration?
2 How insist claims on temple places not truly theirs? 
3 Why personal laws can't be secular?
4  Why oxen needed by marginal farmer shouldn't be protected?

https://t.co/pLtGvyS59z";0
1202938772859637765;Ghost1455673598;Fri Dec 06 13:12:07 +0000 2019;"RT @Horus18990200: Of the MOB, by the MOB, for the MOB.

#NewIndia
By
#EXTREMIST #HINDU #TERRORISTS #RSS #BJP";0
1202938287926775808;Horus18990200;Fri Dec 06 13:10:12 +0000 2019;"Of the MOB, by the MOB, for the MOB.

#NewIndia
By
#EXTREMIST #HINDU #TERRORISTS #RSS #BJP";0
1202930466308931584;Sharmg4;Fri Dec 06 12:39:07 +0000 2019;"@kakar_harsha  #rapist &amp; #extremist people do not know humanity
@hrw @realDonaldTrump https://t.co/y5x7pv44Ez";0
1202913938142355456;guerra_sahara;Fri Dec 06 11:33:26 +0000 2019;"RT @guerra_sahara: @ch_nji @AfCfta @TradeLawCentre #WARNING #TERRORISM #ALERT!!
#TOURISM in #Morocco &amp; #OCCUPIED #WesternSahara (#DAKHLA et‚Ä¶";0
1202910232751624192;dominicwatts40;Fri Dec 06 11:18:43 +0000 2019;@yingyang1976 @MetroUK Dreadful comments. It‚Äôs the thin end of the #extremist wedge;0
1202895987586539521;AGasztold;Fri Dec 06 10:22:06 +0000 2019;RT @RANEurope: #Terroristgroups are capitalising on technology to extend the reach of their narratives to recruit young people. ‚ÄúRAN Commun‚Ä¶;0
1202889585514209280;ElodieReuge;Fri Dec 06 09:56:40 +0000 2019;RT @RANEurope: #Terroristgroups are capitalising on technology to extend the reach of their narratives to recruit young people. ‚ÄúRAN Commun‚Ä¶;0
1202889117765373952;EOS_EU;Fri Dec 06 09:54:48 +0000 2019;RT @RANEurope: #Terroristgroups are capitalising on technology to extend the reach of their narratives to recruit young people. ‚ÄúRAN Commun‚Ä¶;0
1202888771613712389;RANEurope;Fri Dec 06 09:53:26 +0000 2019;"#Terroristgroups are capitalising on technology to extend the reach of their narratives to recruit young people. ‚ÄúRAN Communication &amp; Narratives Working Group‚Äù offers alternatives and challenges #extremist #propoganda.  #MeetRAN üëâ https://t.co/hvt6j5uJpN https://t.co/wwIeFrEJhc";0
1202883882426736641;guerra_sahara;Fri Dec 06 09:34:00 +0000 2019;"RT @guerra_sahara: @justice42day @ch_nji @AfCfta @TradeLawCentre #Morocco's news BLACKOUT is due to its #DECEIT &amp; #MANIPULATION over sovere‚Ä¶";0
1202881631339630593;justice42day;Fri Dec 06 09:25:04 +0000 2019;"RT @guerra_sahara: @justice42day @ch_nji @AfCfta @TradeLawCentre #Morocco's news BLACKOUT is due to its #DECEIT &amp; #MANIPULATION over sovere‚Ä¶";0
1202881433418846210;guerra_sahara;Fri Dec 06 09:24:16 +0000 2019;"@justice42day @ch_nji @AfCfta @TradeLawCentre #Morocco's news BLACKOUT is due to its #DECEIT &amp; #MANIPULATION over sovereignty of #WesternSahara, #Humanrights VIOLATIONS &amp; PLUNDER in #AFRICA'S #LastColony &amp; the illegally #OCCUPIED territory it falsely claims  https://t.co/sA8WZq4xXu
#Morocco is a #EXTREMIST &amp; #TERRORIST state";0
1202877788266651649;MarkusWinston;Fri Dec 06 09:09:47 +0000 2019;This is #Racist #Extremist #Tory #JonathonHoffman - he's ant-Palestinian, shouts in the face of #muslim women and dislikes #Labour, a party resisting injustices in the UK and around the world. He's a loud mouth, whose job is turn up at #Labour hustings and shout #Smears https://t.co/OHZscvE7st;0
1202877788266651649;MarkusWinston;Fri Dec 06 09:09:47 +0000 2019;This is #Racist #Extremist #Tory #JonathonHoffman - he's ant-Palestinian, shouts in the face of #muslim women and dislikes #Labour, a party resisting injustices in the UK and around the world. He's a loud mouth, whose job is turn up at #Labour hustings and shout #Smears https://t.co/OHZscvE7st;0
1202877375731683328;guerra_sahara;Fri Dec 06 09:08:09 +0000 2019;"RT @guerra_sahara: @ChefGov_ma @USEmbMorocco Is @USUN &amp; @SecPompeo aware of #morocco's #TERRORISM #THREAT &amp; #ALERT issued by #UK including‚Ä¶";0
1202877325395800064;guerra_sahara;Fri Dec 06 09:07:57 +0000 2019;"@ChefGov_ma @USEmbMorocco Is @USUN &amp; @SecPompeo aware of #morocco's #TERRORISM #THREAT &amp; #ALERT issued by #UK including links to increased threat linked to the number of Moroccans sympathetic/ belonging to #Daesh/ #ISIL) and other #extremist groups?
https://t.co/aMH4G6vSNK
@UKUN_NewYork #UN #UNSC #MINURSO";0
1202877325395800064;guerra_sahara;Fri Dec 06 09:07:57 +0000 2019;"@ChefGov_ma @USEmbMorocco Is @USUN &amp; @SecPompeo aware of #morocco's #TERRORISM #THREAT &amp; #ALERT issued by #UK including links to increased threat linked to the number of Moroccans sympathetic/ belonging to #Daesh/ #ISIL) and other #extremist groups?
https://t.co/aMH4G6vSNK
@UKUN_NewYork #UN #UNSC #MINURSO";0
1202874946252394496;justice42day;Fri Dec 06 08:58:30 +0000 2019;"RT @guerra_sahara: @ch_nji @AfCfta @TradeLawCentre #WARNING #TERRORISM #ALERT!!
#TOURISM in #Morocco &amp; #OCCUPIED #WesternSahara (#DAKHLA et‚Ä¶";0
1202873292346056706;guerra_sahara;Fri Dec 06 08:51:55 +0000 2019;"@ch_nji @AfCfta @TradeLawCentre #WARNING #TERRORISM #ALERT!!
#TOURISM in #Morocco &amp; #OCCUPIED #WesternSahara (#DAKHLA etc)
#Terrorists attacks in Morocco.
There is an increased #threat linked to the number of Moroccans sympathetic or belonging to #Daesh/ #ISIL and other #extremist groups
https://t.co/aMH4G6vSNK";0
1202866631107633152;guerra_sahara;Fri Dec 06 08:25:27 +0000 2019;"#TERRORISM #ALERT 
#UK advice: #Terrorists are very likely to try to carry out attacks in #Morocco. https://t.co/aMH4G6vSNK
Increased threat linked to the number of #Moroccans sympathetic or belonging to #Daesh/#ISIL &amp; other #extremist groups. #Morocco illegally #OCCUPIES
#DAKHLA https://t.co/Raxuv8e9WU";0
1202858881795444737;guerra_sahara;Fri Dec 06 07:54:40 +0000 2019;"@AfricanWatchman @EmmanuelMacron @UN @SpainMFA The real threat comes from #Morocco as #UK informs in its travel advice. https://t.co/aMH4G6vSNK 
#SPAIN #misinforms &amp; fails to advice on the true threat.
There is an increased threat linked to the number of Moroccans sympathetic or belonging to #Daesh/ #ISIL &amp; other #extremist..";0
1202839573153419265;guerra_sahara;Fri Dec 06 06:37:56 +0000 2019;"@DakhlaRovers #WARNING #TERRORSIM #ALERT  
#Terrorists are very likely to try to carry out attacks in #Morocco. https://t.co/aMH4G6vSNK
#Threat linked to the number of Moroccans sympathetic or belonging to #Daesh/ #ISIL) &amp; other #extremist groups.
#Dakhla is illegally #OCCUPIED by #morocco";0
1202838524858437632;guerra_sahara;Fri Dec 06 06:33:46 +0000 2019;"@DunesDakhla #TERRORIST #ALERT 
#Terrorists are very likely to try to carry out #attacks in #Morocco. https://t.co/aMH4G6vSNK
Increased #threat linked to the number of Moroccans sympathetic or belonging to #Daesh/ #ISIL) &amp; other #extremist groups.
#Dakhla is illegally #OCCUPIED &amp; NOT #morocco";0
1202836721689399296;guerra_sahara;Fri Dec 06 06:26:36 +0000 2019;"@Dakhlaoueddahab #TERRORISM #ALERT!!
#Terrorists are very likely to try to carry out attacks in #Morocco. Increased threat linked to the number of Moroccans sympathetic or belonging to #Daesh (#ISIL) &amp; other #extremist groups
https://t.co/aMH4G6vSNK
#Dakhla is illegally #OCCUPIED by #Morocco";0
1202836625753100288;BoujdourH;Fri Dec 06 06:26:13 +0000 2019;"RT @guerra_sahara: #WARNING!! #UK advice
#Terrorists are very likely to try to carry out attacks in #Morocco. There is an increased #threat‚Ä¶";0
1202834510930464768;guerra_sahara;Fri Dec 06 06:17:49 +0000 2019;"#WARNING!! #UK advice
#Terrorists are very likely to try to carry out attacks in #Morocco. There is an increased #threat linked to the number of Moroccans sympathetic or belonging to #Daesh (formerly referred to as #ISIL) &amp; other #extremist groups. #Dakhla is illegally #OCCUPIED https://t.co/i4v0oJppQN";0
1202829232633765889;KahyinLam;Fri Dec 06 05:56:51 +0000 2019;"My favorite ppl with my favorite desserts with my favorite character!
‚ô•Ô∏è‚ô•Ô∏è‚ô•Ô∏è‚ô•Ô∏è‚ô•Ô∏è

#ÁòãÊóè #crazypeople 
#extremelove #extremist #Ê•µÁ´ØÂàÜÂ≠ê
#IDFT #IDlife #theIDteam #IDFoundationTeam‚Ä¶ https://t.co/BZiomKkUBy";0
1202765156599521280;kate_eviva;Fri Dec 06 01:42:14 +0000 2019;Fabulous visual and boy is the far right in Australia using FB. Contrast with UK and even US. Confirms the #extremist right is a major threat to our #security and #democracy. #auspol https://t.co/tlFUzSHVBo;0
1202672807169216513;whussain_3;Thu Dec 05 19:35:16 +0000 2019;"RT @Horus18990200: #India's partition in 1947 was incomplete. It's been ongoing ever since.
The #EXTREMIST #HINDU #TERRORISTS #RSS #BJP hav‚Ä¶";0
1202645854974287873;Artemitzi;Thu Dec 05 17:48:10 +0000 2019;"#page48 #ToryManifesto #ConservativesManifesto #Conservatives #CONservatives #draconian #dictatorial #totalitarian #extremist

#GeneralElection2019 #GeneralElection19 #GE2019 #GE19 

#VoteToriesOUT

#TimeForAChangeOfGovernment

üö®üëâTIME FOR A CHANGE OF GOVERNMENTüëàüö® https://t.co/YgjLWb2ks4";0
1202635685552951296;7barbie7c;Thu Dec 05 17:07:45 +0000 2019;"you are speaking of #Extremist Leftists(#LiberalismIsAMentalDisease )! #Normal People      love President Donald Trump &amp;the prosperity they are receiving &amp;the smashing of #Extremist Leftists/#DeepStateCorruption /#FakeNewsMedia /#Leftist #propaganda /Leftist #Violence &amp; #Fascism https://t.co/DlY1vqhw28";0
1202630319217807361;EsharatQ;Thu Dec 05 16:46:26 +0000 2019;"Will he get d same media coverage as d #LondonBridge terrorist?Wil d govt talk about toughening policies? R white people expected 2tackle these issues in der community? 
Andrew Dymock, a Far-Right #extremist charged wiv 12 #terror offences inc encouraging attacks #WhiteSupremacy";0
1202619656864968705;matnashed;Thu Dec 05 16:04:04 +0000 2019;"A #WhiteSupremacist group smuggled a Canadian #extremist to the U.S. The group calls itself ""The Base."" Ironically, Al Qaeda literally translates from Arabic to mean The Base. 

I doubt either group would be excited to realize they share the same name. 

https://t.co/Dla0cOrn25";0
1202611751755243520;kersey_don;Thu Dec 05 15:32:39 +0000 2019;"RT @HusniMu5593: At Goldstein's funeral, Rabbi Yaacov Perrin claimed that even one million Arabs are ""not worth a Jewish fingernail""
#israe‚Ä¶";0
1202600599029796864;AkQueitera;Thu Dec 05 14:48:20 +0000 2019;@cnnbrk The #Democrats are moving closer and closer #extremist #liberalism and have fallen victims to üá®üá≥üá∑üá∫ #propaganda thanks to @CNN @MSNBC @NBCNews @CBS @NPR @ABC #FakeNews #MainstreamMedia this is sad...ü§¶‚Äç‚ôÇÔ∏è;0
1202599777831178240;Horus18990200;Thu Dec 05 14:45:04 +0000 2019;The onion thing is a distraction served up by the #EXTREMIST #HINDU #TERRORISTS #RSS #BJP to take attention away from #CAB, and everyone is suddenly buying onions!;0
1202585957498851328;StefanVerena;Thu Dec 05 13:50:09 +0000 2019;RT @RANEurope: The #rehabilitation of former #terrorist offenders is an integral part of prevention. #MeetRAN EXIT Working Group, a lightho‚Ä¶;0
1202584555888300032;Ciara_Murphy24;Thu Dec 05 13:44:35 +0000 2019;RT @robocopey: Preach hate after being warned not to many times, get fired as promised by your employer... and get a fortune for it... stra‚Ä¶;0
1202583837848604673;Horus18990200;Thu Dec 05 13:41:44 +0000 2019;Yes, and if the #EXTREMIST #HINDU #TERRORISTS #RSS #BJP have their way for just a few more years, it coming! https://t.co/JidCBFqBzT;0
1202581819876659200;NewDayStarts;Thu Dec 05 13:33:43 +0000 2019;"An alleged #far- #right #extremist been charged with 12 terror offences, including encouraging attacks. The operation followed ‚Äúa pre-planned, intelligence led investigation into suspected right-wing #terrorism #online,‚Äù Counter Terrorism #NorthEast said.

https://t.co/hyOgFaH1NP";0
1202581046967111680;raycorrigan;Thu Dec 05 13:30:39 +0000 2019;RT @NexusUKOrg: If you went back 10-15 years and showed people what the @Conservatives' current values are, most people would probably say‚Ä¶;0
1202577323792437248;EUHomeAffairs;Thu Dec 05 13:15:51 +0000 2019;RT @RANEurope: The #rehabilitation of former #terrorist offenders is an integral part of prevention. #MeetRAN EXIT Working Group, a lightho‚Ä¶;0
1202576784237182976;kleetampa;Thu Dec 05 13:13:42 +0000 2019;"Thank you @GOP for withdrawing support from this #extremist #hatemonger.
National Republicans distance themselves from Florida‚Äôs George Buck after hanging email https://t.co/l4AWnYI0qm";0
1202567887342505984;Horus18990200;Thu Dec 05 12:38:21 +0000 2019;"I wouldn't bother reading the constitution, the modi mob has made it defunct!
The #EXTREMIST #HINDU #TERRORISTS #RSS #BJP have taken over #India lock stock and barrel. There's no going back now!
#GhandiIsDead https://t.co/Hfa0YYD2MA";0
1202565514771324929;Sarkar563;Thu Dec 05 12:28:55 +0000 2019;"RT @Horus18990200: #India's partition in 1947 was incomplete. It's been ongoing ever since.
The #EXTREMIST #HINDU #TERRORISTS #RSS #BJP hav‚Ä¶";0
1202563252372332545;Horus18990200;Thu Dec 05 12:19:56 +0000 2019;"#India's partition in 1947 was incomplete. It's been ongoing ever since.
The #EXTREMIST #HINDU #TERRORISTS #RSS #BJP have accelerated the process.
The true partition of #India is yet to come
The idea of #India is dying rapidly!";0
1202553502540718080;RANEurope;Thu Dec 05 11:41:12 +0000 2019;The #rehabilitation of former #terrorist offenders is an integral part of prevention. #MeetRAN EXIT Working Group, a lighthouse beckoning the way forward for disengagement, changing #extremist worldviews and facilitating reintegration into society üëâ https://t.co/bQdLmgXwNB https://t.co/KQ4ozHqNPG;0
1202525839411142656;HusniMu5593;Thu Dec 05 09:51:16 +0000 2019;"At Goldstein's funeral, Rabbi Yaacov Perrin claimed that even one million Arabs are ""not worth a Jewish fingernail""
#israel
#jewish
#Jews 
#extremist 
#palestine
#freepalestine";0
1202507703526051840;scrumpox1;Thu Dec 05 08:39:12 +0000 2019;RT @robocopey: Preach hate after being warned not to many times, get fired as promised by your employer... and get a fortune for it... stra‚Ä¶;0
1202501568395972609;LairdMWilcox;Thu Dec 05 08:14:49 +0000 2019;This is NOT a good idea.  Too many things can go wrong and the #MEDIA will always make it look #EXTREMIST, #RACIST and DANGEROUS.  All it will take is for someone to get shot and the lawsuits will fly.  An unarmed patrol would make much more sense. https://t.co/EyeHj48bdc;0
1202495534449061891;wlfpack81;Thu Dec 05 07:50:51 +0000 2019;#Extremist #Catholics  #Hate the #Pope, Love #Bolivia's New Leaders https://t.co/lLcoouQaSs;0
1202483592758059008;Al_Maldives;Thu Dec 05 07:03:24 +0000 2019;Horrifying murder of a taxi driver, leaves a community in shock | SunOnline International #Maldives #Murder #Crime #Terrorist #Terrorism #Terror #Islamist #Extremist #Extremism  https://t.co/TXDlO1jrOJ;0
1202464209386164224;Al_Maldives;Thu Dec 05 05:46:22 +0000 2019;#Maldives: Countering Religious Extremism - Analysis - Eurasia Review #Terrorist #Terrorism #Terror #Extremism #Extremist #Guns #Bombs #Islamist #ISIS #ISIL  https://t.co/rRRCGFB6SM;0
1202462450152435712;Al_Maldives;Thu Dec 05 05:39:23 +0000 2019;#Maldivian ‚Äòterrorist leaders‚Äô face criminal charges ‚Äì #Maldives ‚Å¶@IndependentMV‚Å© #Terrorist #Terrorism #Terror #Extremist #Extremism #Guns #Bombs #ISIS #ISIL  https://t.co/PSyo78gIdY;0
1202451613442433024;Maintenonmadame;Thu Dec 05 04:56:19 +0000 2019;RT @robocopey: Preach hate after being warned not to many times, get fired as promised by your employer... and get a fortune for it... stra‚Ä¶;0
1202451030572580869;jonsantos77;Thu Dec 05 04:54:00 +0000 2019;"wait. james mitchell; not a #patriot.  a #contractor and #whitesupremacist #christian #extremist #trash. absolute #garbage. https://t.co/z6VdVqtjbR";0
1202450540296228865;jonsantos77;Thu Dec 05 04:52:03 +0000 2019;james mitchell there's an islamaphobic #christian #torture #mongering #extremist and i'm fucking #atheist and #american.  #trash. https://t.co/vShHPxzAaw;0
1202448442632671232;InRaleigh2;Thu Dec 05 04:43:43 +0000 2019;"Says the #LeftWing #Extremist &amp; anti Semitic bigot who admires racist @lsarsour and hates law enforcement 
#BlueLivesMatter
#ralpol https://t.co/4kFcKIvFDf";0
1202425039754186753;jonsantos77;Thu Dec 05 03:10:44 +0000 2019;#extremist #christian #extremist #cults with #pro #rape and #pro #arranged #marriage #factions ONLY w the addition and complicity of #females ruled under fear from falling out of favor w #high priests and prophets that lead them to endorse things like child marriage and #rape.;0
1202414196102615041;resistasista76;Thu Dec 05 02:27:38 +0000 2019;@jbendery @gop @GOPLeader will go down in history as the most bigoted, misogynistic scourge in our country to date. #historywillremembertrump #gopshame #misogyny #bigotry #extremist #activistjudges;0
1202404620699439104;jonsantos77;Thu Dec 05 01:49:35 +0000 2019;the #elite #ruling #extremist #christian #extremist #nazi pro #rape and #stalking #brainwashing #class well they say they have the right to just pick and choose just like #slavery, if used to #sire, lets say the ones you value as #intelligent, only to turn them into #homophobe;0
1202377743674966016;Dream_Brother_;Thu Dec 05 00:02:47 +0000 2019;RT @robocopey: Preach hate after being warned not to many times, get fired as promised by your employer... and get a fortune for it... stra‚Ä¶;0
1202365389679796228;guerra_sahara;Wed Dec 04 23:13:42 +0000 2019;"@edrormba #UK #WARNING- #Terrorism
#Terrorists are very likely to try to carry out #attacks in #Morocco. There is an increased #threat linked to the number of #Moroccans sympathetic or belonging to #Daesh (formerly referred to as #ISIL) and other #extremist
#TOURISM
https://t.co/aMH4G6vSNK";0
1202364476948922371;guerra_sahara;Wed Dec 04 23:10:04 +0000 2019;"@ebookings24com #UK warning on travel advice
#Terrorists are very likely to try to carry out attacks in #Morocco. There is an increased threat linked to the number of #Moroccans sympathetic or belonging to #Daesh (formerly referred to as #ISIL) and other #extremist groups
https://t.co/aMH4G6vSNK";0
1202361680799383557;snyaira;Wed Dec 04 22:58:58 +0000 2019;"RT @ECA_OFFICIAL: #Africa is able to meet only 3million of its 9-12 million annual job needs, says @AfDB_Group 's #CharlesLufumpa  ""Jobless‚Ä¶";0
1202358812222611457;jomcalynch;Wed Dec 04 22:47:34 +0000 2019;RT @robocopey: Preach hate after being warned not to many times, get fired as promised by your employer... and get a fortune for it... stra‚Ä¶;0
1202354299319312384;Emily_Francez;Wed Dec 04 22:29:38 +0000 2019;#Fanatic @gbuck_jr George Buck thinks #America should hang #treasonous #Democrats. No one else, just the Democrats? How about nobody else, nobody period. #Twisted thoughts with #extremist #behavior. #Dangerous man. #FukBuck;0
1202351162613280775;_Trina_Maria_;Wed Dec 04 22:17:10 +0000 2019;RT @RANEurope: Working with #radicalised people with #mentalillness is challenging. Which aspects of mental illness may be considered whene‚Ä¶;0
1202310434067566593;ElyPenar;Wed Dec 04 19:35:19 +0000 2019;RT @robocopey: Preach hate after being warned not to many times, get fired as promised by your employer... and get a fortune for it... stra‚Ä¶;0
1202309537207848961;Synyster_Fence;Wed Dec 04 19:31:46 +0000 2019;RT @robocopey: Preach hate after being warned not to many times, get fired as promised by your employer... and get a fortune for it... stra‚Ä¶;0
1202299268968669186;lokinfryou;Wed Dec 04 18:50:58 +0000 2019;"RT @Horus18990200: Well duhhh.... That's what the #EXTREMIST #HINDU #TERRORISTS #RSS #BJP have bee promising all along.
What do people thin‚Ä¶";0
1202293086732333057;dominicwatts40;Wed Dec 04 18:26:24 +0000 2019;"I've just had a knock on the door with someone offering me a leaflet for the Conservative candidate.
Explained (without swearing!) that they are an #Extremist organisation. 
Thank God I was in.";0
1202291476098617344;GalstarVicky;Wed Dec 04 18:20:00 +0000 2019;RT @robocopey: Preach hate after being warned not to many times, get fired as promised by your employer... and get a fortune for it... stra‚Ä¶;0
1202271306378612737;RobOS8;Wed Dec 04 16:59:51 +0000 2019;RT @robocopey: Preach hate after being warned not to many times, get fired as promised by your employer... and get a fortune for it... stra‚Ä¶;0
1202267492879613952;SupremeCouncil8;Wed Dec 04 16:44:42 +0000 2019;"RT @Horus18990200: Well duhhh.... That's what the #EXTREMIST #HINDU #TERRORISTS #RSS #BJP have bee promising all along.
What do people thin‚Ä¶";0
1202265675743612928;Horus18990200;Wed Dec 04 16:37:28 +0000 2019;"Well duhhh.... That's what the #EXTREMIST #HINDU #TERRORISTS #RSS #BJP have bee promising all along.
What do people think 'hindu rashtha' is? It's exclusion of none hindus from #India https://t.co/XOxtSSPlNr";0
1202265143016599554;HonTheIrish;Wed Dec 04 16:35:21 +0000 2019;RT @robocopey: Preach hate after being warned not to many times, get fired as promised by your employer... and get a fortune for it... stra‚Ä¶;0
1202259338343206912;David_Moose;Wed Dec 04 16:12:17 +0000 2019;RT @robocopey: Preach hate after being warned not to many times, get fired as promised by your employer... and get a fortune for it... stra‚Ä¶;0
1202258982339072005;edusorribes;Wed Dec 04 16:10:52 +0000 2019;RT @robocopey: Preach hate after being warned not to many times, get fired as promised by your employer... and get a fortune for it... stra‚Ä¶;0
1202254526150893568;saunildev;Wed Dec 04 15:53:10 +0000 2019;@mitalisaran @INCIndia @indira__gandhi @Nationals All #those #islamic #muslims #thesharialaws #quran #extremist #illegal #ghetto @refugees #come in @independent @indiatoday @republic @timesnow #why #not goes 2 #islam #base @the_nation when #india have 19crore #muslimbrotherhood among them #many #wage #war #against @the_hindu @UN;0
1202252042632187904;saunildev;Wed Dec 04 15:43:18 +0000 2019;"@Voice_For_India @Sanjay_Dixit #sooner or #later @HouseofCommons @UKHouseofLords &amp; @kensingtonpalace of @royalfamily @bbc @MailOnline will be #posses by #islamic #thesharialaws #quran #extremist #community #religion @common @people of other #faith #custom #tradition will b #seek #shelter @other @the_nation @UN";0
1202249669797011456;saunildev;Wed Dec 04 15:33:52 +0000 2019;@rahulkanwal Absolutely #but when @independent @republic @indiatoday @timesnow #surrounded with #hardcore #islamic #muslims #thesharialaws #quran #extremist #terrorist @the_nation @statedept @radiopakistan #Bangaladesh #afghanistan why #india  #welcome those @refugees @risk of #own @Nationals;0
1202227269898518528;robocopey;Wed Dec 04 14:04:52 +0000 2019;Preach hate after being warned not to many times, get fired as promised by your employer... and get a fortune for it... strange world we live in! #disappointing #extremist https://t.co/7w43QATqWJ;0
1202206102705909761;mashkoornaqvi;Wed Dec 04 12:40:45 +0000 2019;"RT @shafeKoreshe: A horrific tale of gruesome brutalities under the #extremist #Hindutva regime of @narendramodi 
 https://t.co/jYD0iDnAIV";0
1202204440167534593;BoruahDipa;Wed Dec 04 12:34:09 +0000 2019;"RT @Horus18990200: Send ALL THE #EXTREMIST #HINDU #TERRORISTS #RSS #BJP
there, they will have their 'hindu rashtha' https://t.co/niU80ftbpp";0
1202195809686740994;Palaiborn;Wed Dec 04 11:59:51 +0000 2019;"RT @Horus18990200: Send ALL THE #EXTREMIST #HINDU #TERRORISTS #RSS #BJP
there, they will have their 'hindu rashtha' https://t.co/niU80ftbpp";0
1202195020133982208;SharedShare;Wed Dec 04 11:56:43 +0000 2019;"RT @Horus18990200: Send ALL THE #EXTREMIST #HINDU #TERRORISTS #RSS #BJP
there, they will have their 'hindu rashtha' https://t.co/niU80ftbpp";0
1202194566545317893;Horus18990200;Wed Dec 04 11:54:55 +0000 2019;"@ashoswai @NewIndianXpress Send ALL the #EXTREMIST #HINDU #TERRORISTS #RSS #BJP there.
They can cave their 'hindu rashtha' and swim in gaumutr and ghobar as much as they like.";0
1202193843782914049;Horus18990200;Wed Dec 04 11:52:02 +0000 2019;"Send ALL THE #EXTREMIST #HINDU #TERRORISTS #RSS #BJP
there, they will have their 'hindu rashtha' https://t.co/niU80ftbpp";0
1202190275352944642;News_Mojo;Wed Dec 04 11:37:51 +0000 2019;"@GenieGodula Nice. She's #extremist. When she was Prosecutor of San Francisco, she declined to, categorically, ask for the Death Penalty even for those who killed police officers or children

Even one of the most liberal cities in the US was in dismay. She's also addicted to identity politics";0
1202188422238093313;asifsuae;Wed Dec 04 11:30:30 +0000 2019;@IndiaToday @PoulomiMSaha What else we can expect from #extremist #modi and #bjp #rss filthy minority lynchers;0
1202183225604337665;RieadulMd;Wed Dec 04 11:09:51 +0000 2019;@AlJazeera #LondonBridge #Terrorist Attack. The BBC, The Guardian, Sky News, U.K Media for the first time in decades do not describe the Terrorist as ‚Äú#Islamic #Extremist in their headlines. Even though he believed in Islam. Is it because of @DrACactivism decade-long #criticism?;0
1202167497077805056;PaCCSResearch;Wed Dec 04 10:07:21 +0000 2019;"""Can #radicalisation happen online, as so many #politicians suggest?"" This question drove @BathPsychology Prof @lauragesmith to research #onlineradicalisation. Read about her work examining #socialisation and #deradicalisation in #extremist groups here: https://t.co/3jMyGcqNyA";0
1201976512695734273;newspics;Tue Dec 03 21:28:26 +0000 2019;We wonder if @Twitter can explain why when we report a post containing a horrific #extremist video featuring beheadings and #extreme violence, that #twitter respond that they cannot find any violations of #Twitter rules. Isn‚Äôt that kind of content against your rules @jack;0
1201909374870011905;specialkwhit;Tue Dec 03 17:01:40 +0000 2019;Cc: @RepWendi This is why your constituents in #pa178 are so disgusted by your vote. ‚ÄúThe bill in front of you‚Äù that you voted Aye on is cruel, invasive, and illogical. It is #Extremist https://t.co/6CjzNoatRn;0
1201900242989453319;shafeKoreshe;Tue Dec 03 16:25:22 +0000 2019;"A horrific tale of gruesome brutalities under the #extremist #Hindutva regime of @narendramodi 
 https://t.co/jYD0iDnAIV";0
1201874534523179009;NexusUKOrg;Tue Dec 03 14:43:13 +0000 2019;If you went back 10-15 years and showed people what the @Conservatives' current values are, most people would probably say they don't reflect British values and are #extremist. But those same people have now been radicalised by #brexit and would likely disagree these days. 4/5;0
1201857805843619847;sheila_achieng;Tue Dec 03 13:36:45 +0000 2019;"RT @ECA_OFFICIAL: #Africa is able to meet only 3million of its 9-12 million annual job needs, says @AfDB_Group 's #CharlesLufumpa  ""Jobless‚Ä¶";0
1201850121685741569;ironyiet;Tue Dec 03 13:06:12 +0000 2019;"RT @b_rielly: One of the most #extremist far-right groups in #Israel was just given a platform in #Camden, #London. 
#Regavim advocates for‚Ä¶";0
1201848351131668480;TRI_Kenya;Tue Dec 03 12:59:10 +0000 2019;"RT @ECA_OFFICIAL: #Africa is able to meet only 3million of its 9-12 million annual job needs, says @AfDB_Group 's #CharlesLufumpa  ""Jobless‚Ä¶";0
1201827407931592704;TanyaKanunniko1;Tue Dec 03 11:35:57 +0000 2019;Two leaders and 7 members of Hizb ut-Tahrir have been detained in Moscow and Chelyabinsk, #Russia. They are suspected of recruiting immigrants into the #extremist group, The Federal Security Service said. https://t.co/4nfoZFukf9 https://t.co/EqnkwVuiiT;0
1201818180223717376;KhakanQureshi;Tue Dec 03 10:59:17 +0000 2019;"@1000Kryptonite @MrAlgolagnist @Thevoic02167012 @ImmaculateBrek1 @TheLamb93 @MmeNdiayeUK @LordOfVillainy @luminatus1 @John_Allman @MarcJon02606516 @peter_sheward @CF_Farrow @JamieLEdwards1 @vickyexley @MrsSHC The one shot dead on Friday had links with Kashmir 

#terrorist #extremist #Islamophobia";0
1201812902744862725;BelemaHart;Tue Dec 03 10:38:19 +0000 2019;"RT @ECA_OFFICIAL: #Africa is able to meet only 3million of its 9-12 million annual job needs, says @AfDB_Group 's #CharlesLufumpa  ""Jobless‚Ä¶";0
1201803859347333121;KahyinLam;Tue Dec 03 10:02:23 +0000 2019;"Yoü§ò #Ë©±ÂÅöÂ∞±ÂÅö #ÁòãÂ•≥Â≠ê #Â∞èÂ≠∏ÊôÇÊúü #Â™ΩÂí™Âπ´ÊàëÂâ™È†≠È´Æ #Â∞±‰øÇÂíÅÊ®£ #Âæ©Âè§ #Â•Ω‰∏≠ÊÑèÂëÄ 
#ÁòãÊóè #crazypeople #extremelove #extremist #Ê•µÁ´ØÂàÜÂ≠ê
#IDFT #IDlife #theIDteam #IDFoundationTeam #TPAKE  #IDmessage #IncredibleDomain incredibledomain‚Ä¶ https://t.co/h1u81zovWB";0
1201640770756915200;chrissie_trice1;Mon Dec 02 23:14:19 +0000 2019;#extremist rogue state #ApartheidIsrael needs to be stopped. When will the world wake up https://t.co/3PwWNerC7k;0
1201636889536716801;WorcesterPales1;Mon Dec 02 22:58:54 +0000 2019;"RT @b_rielly: One of the most #extremist far-right groups in #Israel was just given a platform in #Camden, #London. 
#Regavim advocates for‚Ä¶";0
1201632100434239488;VisserLola;Mon Dec 02 22:39:52 +0000 2019;"RT @ECA_OFFICIAL: #Africa is able to meet only 3million of its 9-12 million annual job needs, says @AfDB_Group 's #CharlesLufumpa  ""Jobless‚Ä¶";0
1201625657828167680;KamalIssofa;Mon Dec 02 22:14:16 +0000 2019;"RT @ECA_OFFICIAL: #Africa is able to meet only 3million of its 9-12 million annual job needs, says @AfDB_Group 's #CharlesLufumpa  ""Jobless‚Ä¶";0
1201622962308288514;ECA_SRO_SA;Mon Dec 02 22:03:33 +0000 2019;"RT @ECA_OFFICIAL: #Africa is able to meet only 3million of its 9-12 million annual job needs, says @AfDB_Group 's #CharlesLufumpa  ""Jobless‚Ä¶";0
1201622704291495936;williamsnyoni;Mon Dec 02 22:02:32 +0000 2019;"RT @ECA_OFFICIAL: #Africa is able to meet only 3million of its 9-12 million annual job needs, says @AfDB_Group 's #CharlesLufumpa  ""Jobless‚Ä¶";0
1201573042297720832;verauzo1;Mon Dec 02 18:45:12 +0000 2019;"RT @ECA_OFFICIAL: #Africa is able to meet only 3million of its 9-12 million annual job needs, says @AfDB_Group 's #CharlesLufumpa  ""Jobless‚Ä¶";0
1201570768120950784;ECA_OFFICIAL;Mon Dec 02 18:36:09 +0000 2019;"RT @ECA_OFFICIAL: #Africa is able to meet only 3million of its 9-12 million annual job needs, says @AfDB_Group 's #CharlesLufumpa  ""Jobless‚Ä¶";0
1201570729474609154;ECA_OFFICIAL;Mon Dec 02 18:36:00 +0000 2019;"#Africa is able to meet only 3million of its 9-12 million annual job needs, says @AfDB_Group 's #CharlesLufumpa  ""Joblessness could result in #unrest, #conflict, &amp; make our disenchanted #youth susceptible to recruitment by #extremist groups  

#AEC2019 #2019AEC https://t.co/5cu76kUn2G";0
1201570729474609154;ECA_OFFICIAL;Mon Dec 02 18:36:00 +0000 2019;"#Africa is able to meet only 3million of its 9-12 million annual job needs, says @AfDB_Group 's #CharlesLufumpa  ""Joblessness could result in #unrest, #conflict, &amp; make our disenchanted #youth susceptible to recruitment by #extremist groups  

#AEC2019 #2019AEC https://t.co/5cu76kUn2G";0
1201562081713102853;EvansTorla;Mon Dec 02 18:01:38 +0000 2019;"RT @b_rielly: One of the most #extremist far-right groups in #Israel was just given a platform in #Camden, #London. 
#Regavim advocates for‚Ä¶";0
1201558378293682178;Filsdedispute;Mon Dec 02 17:46:55 +0000 2019;"RT @b_rielly: One of the most #extremist far-right groups in #Israel was just given a platform in #Camden, #London. 
#Regavim advocates for‚Ä¶";0
