1204338429057781760;BrianCMulloy76;Tue Dec 10 09:53:51 +0000 2019;"@esau7 @John_F_Kennnedy Thou shalt do war by way of deception
- Mossad #terrorist";0
1204335334202449920;AghdasiAfshin;Tue Dec 10 09:41:33 +0000 2019;"#IRGC is a #terrorist group #The supporters of the #Iranian regime are #terrorist group
#ŸÜÿ∏ÿßŸÖ_ÿ±ŸÅÿ™ŸÜ€å_ÿßÿ≥ÿ™
#‚Äåÿ≥Ÿæÿß€ï_ÿ™ÿ±Ÿàÿ±€åÿ≥ÿ™€å_Ÿæÿßÿ≥ÿØÿßÿ±ÿßŸÜ_ÿß€åÿ±ÿßŸÜ
#Ÿæ€åÿ¥ŸÖÿ±⁄Ø€ï_⁄©Ÿàÿ±ÿØ_⁄©Ÿàÿ±ÿØÿ≥ÿ™ÿßŸÜ";0
1204331807828631552;FreedomHK6;Tue Dec 10 09:27:33 +0000 2019;@realDonaldTrump Thank you President for beating #Terrorist Xi https://t.co/YHQvpe1oNL;0
1204331425056645121;McguireScotty;Tue Dec 10 09:26:01 +0000 2019;"RT @CamiP934: Pensacola NAS shooting victim 'saved countless lives w/his own'.
‚ö†Ô∏èThese were 4 Saudi #terrorist training on our base. 1 was‚Ä¶";0
1204330986542116864;EsiscTeam;Tue Dec 10 09:24:17 +0000 2019;"Netherlands: #Terrorist #threat downgraded to level 3, #attacks are conceivable
https://t.co/vs79JIJpbt";0
1204330883479678977;JPulasaria;Tue Dec 10 09:23:52 +0000 2019;"RT @thevijaymahajan: Separatist &amp; Jihadi leaders behind bars, thousands of jihadis detained in jails. Finally yes, all is NORMAL in Kashmir‚Ä¶";0
1204330317533892608;okeyjohn11;Tue Dec 10 09:21:37 +0000 2019;RT @jim3love: What is the crime of Barr Ifeanyi Ejiofor the #IPOB lawyer that te zoo Nigeria #terrorist government killed #innocent people‚Ä¶;0
1204329994345951232;okeyjohn11;Tue Dec 10 09:20:20 +0000 2019;RT @jim3love: The combined team of the zoo Nigeria #terrorist #Army and #Police invaded Barr Ifeanyi Ejiofor lawyer to Mazi Nnamdi Kanu com‚Ä¶;0
1204329616283983872;wealdengirl;Tue Dec 10 09:18:50 +0000 2019;"RT @gy_sh1n: Corbyn has spent his entire political career providing succour &amp; support to various #terrorist #extremist #militant groups fro‚Ä¶";0
1204329615444963328;ArjunHey;Tue Dec 10 09:18:50 +0000 2019;"@ImranKhanPTI Okay Niazi ! This a list of #Terrorist #Nation #Pakistan ‚Äòs  Contribution to Islamic terrorism &amp; religious &amp; ethnic  #Genocide üõë Stop prostituting yourself to #China #Uyghurs #HongKongProtests speak up against #China fool https://t.co/c5RDqXUlaP";0
1204329460255903745;BagwereUganda;Tue Dec 10 09:18:13 +0000 2019;"According to a Pew Research Center survey: undergoing a personal #health crisis (75%), being able to pay their bills (67%), or being the victim of a home invasion (72%) or #terrorist attack (66%). #Bible #Bibleless #Bibletranslation #mission #TeamJesus 
https://t.co/PVUDwrsgbg";0
1204328346227601408;HyderabadArjun;Tue Dec 10 09:13:47 +0000 2019;"Ugo Astuto Ambassador of the #European Union to #India and #Bhutan says #Pakistan should uphold rule of law. Must take action on #terrorist operating from its soil and stop financing to terrorism
 #HumanRightsDay #HumanRightDay #Kashmir @AartiTikoo @amritabhinder @AskAnshul https://t.co/ZxkNdfYrrJ";0
1204327888629178368;loveneeshprakas;Tue Dec 10 09:11:58 +0000 2019;"An entire country #pakistan created for Muslims in 1947 because they did not want to live with Hindus. Now Muslims (pak) 2019 : How can India stop us from coming back to India n become Indian citizens.
To alag dekh Kya #terrorist Paida Karne ke liye banaya hai kya?
#CABBill";0
1204326983351574529;faced_mc;Tue Dec 10 09:08:22 +0000 2019;@UKLabour I know I wont be voting @UKLabour until you've got rid of the #antisemitic #terrorist supporting @jeremycorbyn and his #clique at the top!;0
1204326336023683075;SplendidTory;Tue Dec 10 09:05:48 +0000 2019;"RT @gy_sh1n: Corbyn has spent his entire political career providing succour &amp; support to various #terrorist #extremist #militant groups fro‚Ä¶";0
1204322864431816705;CISO_Thoughts;Tue Dec 10 08:52:00 +0000 2019;"#CyberSecurity: City of #Pensacola where a very recent #Terrorist attack happened in its naval base come under a #CyberAttack related to the terrorist attack according to the city official statement without specifying who is the #Cyber #attacker!

https://t.co/8itB76kCqh";0
1204322244647936002;EsiscTeam;Tue Dec 10 08:49:33 +0000 2019;"Russia: Nearly 80 #terrorist cells liquidated in #Russia in 2019, Interfax reports #terrorism
https://t.co/oJLVnjeUOm https://t.co/R1RxFXDELC";0
1204320328324984832;FarNam100;Tue Dec 10 08:41:56 +0000 2019;@Sam99477027 @AlinejadMasih @maryamnayebyazd #IranProtests #Iran making friendly pictures with murders of Iranians and sitting next to #Terrorist supporters disqualifies to talk about #FreeIran https://t.co/OcGaj1jb1h;0
1204319662076563458;ShallowfriedMal;Tue Dec 10 08:39:17 +0000 2019;"@BBCBreakfast @BBCNews @mrdanwalker @louiseminchin
They'll keep the #RedFlag flying üò° in support of @UKLabour #Labour #LabourParty @jeremycorbyn #ComradeCorbyn #ChairmanCorbyn #terrorist #sympathiser #Antisemitic #Socialist #Communist #Bastard üò°üò°üò° Stop the #BBCLicenceFee üò°üò°";0
1204318542339985408;ShallowfriedMal;Tue Dec 10 08:34:50 +0000 2019;@BBCBreakfast #Westminster @HouseofCommons #Parliament What a sickening ü§¢ü§¢ü§¢ü§Æü§Æü§Æ interview with @jeremycorbyn #ComradeCorbyn #ChairmanCorbyn #terrorist #sympathiser #Antisemitic #Socialist #Communist üò°üò° It's as if no one cares about how he hates the #UK üá¨üáß so much üò°üò°üò°üò°;0
1204316430440620032;sinhrann;Tue Dec 10 08:26:26 +0000 2019;"RT @thevijaymahajan: Separatist &amp; Jihadi leaders behind bars, thousands of jihadis detained in jails. Finally yes, all is NORMAL in Kashmir‚Ä¶";0
1204316297250693120;AWorriedMan;Tue Dec 10 08:25:55 +0000 2019;"RT @gy_sh1n: Corbyn has spent his entire political career providing succour &amp; support to various #terrorist #extremist #militant groups fro‚Ä¶";0
1204315681317150721;F1Hippo;Tue Dec 10 08:23:28 +0000 2019;Further violence from @jeremycorbyn üîîüîö @HackneyAbbott @UKLabour @johnmcdonnellMP #Terrorist #Antisemitism #Racist #Twat #CostOfCorbyn #DontVoteLabour #JeremyCorbyn #Communist #Lies #ComradeCorbyn #NeverCorbyn #Labour #GeneralElection2019 #GE2019 https://t.co/jCIQeovUH0;0
1204315405386473477;F1Hippo;Tue Dec 10 08:22:22 +0000 2019;Seriously, who wants this #Terrorist loving #Twat in No10..? @jeremycorbyn üîîüîö @HackneyAbbott @UKLabour @johnmcdonnellMP #Antisemitism #Racist #CostOfCorbyn #DontVoteLabour #JeremyCorbyn #Communist #Lies #ComradeCorbyn #NeverCorbyn #Labour #GeneralElection2019 #GE2019 https://t.co/IIu3JXJNtU;0
1204315122304520192;rjazam46;Tue Dec 10 08:21:14 +0000 2019;"What about Palestine?? Thousands of women's and childrens are brutally being killed by a #terrorist #State #Isra√´l where is @UNHumanRights 
@UN ?? https://t.co/qzblqQpXr1";0
1204315017069285376;DanielSzmania;Tue Dec 10 08:20:49 +0000 2019;@realDonaldTrump @POTUS The #DemocraticParty needs to be labeled and identified as a #Terrorist #Group They are  anti #American anti #President and #Unconstitutional They    have #Violated their #Constitutional #OathsOfOffice #MAGA #MAGA2020;0
1204314270239870976;KimWah0210;Tue Dec 10 08:17:51 +0000 2019;RT @thouse_opinions: From 1990 to 2016, thousands of #terrorist attacks were launched in #Xinjiang, causing many deaths and much damage to‚Ä¶;0
1204313874855534593;ShallowfriedMal;Tue Dec 10 08:16:17 +0000 2019;"@BBCBreakfast Conveniently, the #BBC interview @jeremycorbyn #ComradeCorbyn #ChairmanCorbyn #terrorist #sympathiser #Antisemitic #Socialist #Communist 2 days b4 the #GE2019 üò°
Let's hope he has a #CarCrash either b4 arriving or during the soft, gentle, lovey-dovey interview üò°üò°";0
1204313306443460611;F1Hippo;Tue Dec 10 08:14:01 +0000 2019;Perfect Summary üëå@jeremycorbyn üîîüîö @HackneyAbbott @UKLabour @johnmcdonnellMP #Terrorist #Twat #CostOfCorbyn #DontVoteLabour #JeremyCorbyn #Communist #Lies #ComradeCorbyn #CorbynNeutral¬† #CorbynOut #NeverCorbyn #Labour #GeneralElection2019 #GE2019 https://t.co/D47uRxfsfU;0
1204313154571816961;hoonjan_191;Tue Dec 10 08:13:25 +0000 2019;"RT @thevijaymahajan: Separatist &amp; Jihadi leaders behind bars, thousands of jihadis detained in jails. Finally yes, all is NORMAL in Kashmir‚Ä¶";0
1204312470766137344;F1Hippo;Tue Dec 10 08:10:42 +0000 2019;Resorting to violence. üòØ @jeremycorbyn üîîüîö @HackneyAbbott @UKLabour @johnmcdonnellMP #Terrorist #Twat #CostOfCorbyn #DontVoteLabour #JeremyCorbyn #Communist #Lies #ComradeCorbyn #CorbynNeutral¬† #CorbynOut #NeverCorbyn #Labour #GeneralElection2019 #GE2019 https://t.co/EhDWeX1bvH;0
1204311320931098624;rmr157;Tue Dec 10 08:06:08 +0000 2019;"RT @thevijaymahajan: Separatist &amp; Jihadi leaders behind bars, thousands of jihadis detained in jails. Finally yes, all is NORMAL in Kashmir‚Ä¶";0
1204310848916856832;Dante1LP;Tue Dec 10 08:04:16 +0000 2019;RT @RANEurope: How can prisoners find a positive path back into society? A practical guide on the #rehabilitation of #radicalised and #terr‚Ä¶;0
1204309664227311617;IntrepidRisk;Tue Dec 10 07:59:33 +0000 2019;"Would you know how to react to a terror attack? 

https://t.co/rYWpjlaDWm #terrorism #security #londonbridgeattack2019 #terrorist";0
1204308877510139904;F1Hippo;Tue Dec 10 07:56:26 +0000 2019;Anyone fancy a trip back in time..? @jeremycorbyn üîîüîö @HackneyAbbott @UKLabour @johnmcdonnellMP #Terrorist #Antisemitism #Racist #Twat #CostOfCorbyn #DontVoteLabour #JeremyCorbyn #Communist #Lies #ComradeCorbyn #NeverCorbyn #Labour #GeneralElection2019 #GE2019 https://t.co/gxdGDct2sT;0
1204307708876333057;tco465;Tue Dec 10 07:51:47 +0000 2019;@POTUS the family of the terrorist from the Royal Saudi air Force is getting full benefits from the death of the #terrorist funny how the country #SaudiArabia doesn't punish the family of a terrorist why aren't you pushing for that family to be cut off from Saudi government money;0
1204307236639559685;ftsnakes;Tue Dec 10 07:49:54 +0000 2019;RT @thouse_opinions: From 1990 to 2016, thousands of #terrorist attacks were launched in #Xinjiang, causing many deaths and much damage to‚Ä¶;0
1204307093840388096;ShallowfriedMal;Tue Dec 10 07:49:20 +0000 2019;@AaronBastani Angry scenes as the @UKLabour #Labour #LabourParty activists demand payment for setting up the #FakeNews stories to try to enhance the position of @jeremycorbyn #ComradeCorbyn #ChairmanCorbyn #terrorist #sympathiser #Antisemitic #Socialist #Communist C*nt üò°üò° Utter #bollocks üò†;0
1204306667518623744;Patriauot1;Tue Dec 10 07:47:39 +0000 2019;"RT @thevijaymahajan: Separatist &amp; Jihadi leaders behind bars, thousands of jihadis detained in jails. Finally yes, all is NORMAL in Kashmir‚Ä¶";0
1204306313208950785;desihindu1;Tue Dec 10 07:46:14 +0000 2019;"RT @thevijaymahajan: Separatist &amp; Jihadi leaders behind bars, thousands of jihadis detained in jails. Finally yes, all is NORMAL in Kashmir‚Ä¶";0
1204305772407996417;GautamB48276837;Tue Dec 10 07:44:05 +0000 2019;"RT @thevijaymahajan: Separatist &amp; Jihadi leaders behind bars, thousands of jihadis detained in jails. Finally yes, all is NORMAL in Kashmir‚Ä¶";0
1204305725490524162;thevijaymahajan;Tue Dec 10 07:43:54 +0000 2019;"RT @thevijaymahajan: Separatist &amp; Jihadi leaders behind bars, thousands of jihadis detained in jails. Finally yes, all is NORMAL in Kashmir‚Ä¶";0
1204305363266236416;thevijaymahajan;Tue Dec 10 07:42:28 +0000 2019;"Separatist &amp; Jihadi leaders behind bars, thousands of jihadis detained in jails. Finally yes, all is NORMAL in Kashmir. Its on the way to get back its Glory.

#Kashmir #IslamicJihad #terrorist https://t.co/daVb8O82mk";0
1204303624530055168;Officia97506515;Tue Dec 10 07:35:33 +0000 2019;@smitaprakash That's Normal in #Terrorist State of Pakistan !!;0
1204303515599851525;bimal1177;Tue Dec 10 07:35:07 +0000 2019;@IndianExpress WHAT HAVE YOU DOEN TO OTHER COMMUNITEIS OTHER THAN MUSLIMS IN YOUR COUNTRY RVRN JUDGE SAY ONCE CONVERTED TO ISLAM YOU CANNOT CONVERT BACK TO OTHER RELIGION...NONSENSE.. NO COUNTRY WILL EVER SUPPORT YOUR #TERRORIST COUNTRY;0
1204303192865091584;killedchildhood;Tue Dec 10 07:33:50 +0000 2019;@mickeyblue84 @gmpolice This #terrorist shit and mass #immigration getting out of control and now everyone #scared is speaking their mind.;0
1204296403520020481;ShallowfriedMal;Tue Dec 10 07:06:52 +0000 2019;"@jeremycorbyn #Westminster @HouseofCommons #Parliament #ComradeCorbyn #ChairmanCorbyn #terrorist #sympathiser #Antisemitic #Socialist #Communist #FakeNews abuser #LIAR üò°üò° You &amp; the @UKLabour #Labour #LabourParty are nothing but a #ShowerOfShite Let's hope you're blown to #smithereens üí™üëçüëè";0
1204296233726042112;__CAFFREY__USA;Tue Dec 10 07:06:11 +0000 2019;"RT @__CAFFREY__USA: @CAFFREY1_USA @CAFFREY_USA @IAMONLYCAFFREY @hickfield I have been #solo (#alone)/like being solo/will remain solo.

I h‚Ä¶";0
1204292683805515778;prashanthballa;Tue Dec 10 06:52:05 +0000 2019;@ImranKhanPTI BC #PakTerrorNation #pakistanterrorland Pakistan #Terrorist country https://t.co/tVvkQ8PQy8;0
1204292081038041088;GoldBlockchain;Tue Dec 10 06:49:41 +0000 2019;The state of @namepros today about #domains. I'm going to CLEAN OUT these JOKERS! I'm going to EMBARRASS THEM out of our #INDUSTRY! NOT A SINGLE one I have accused have spoken up ANYWHERE. THEY'RE SCARED! #online #terrorist #bullying #fraud #theft #lies #gangbang #fake #domainers https://t.co/iUd0MFdlLG;0
1204287639538589697;AliceClarr;Tue Dec 10 06:32:02 +0000 2019;@BrendanChilton @Daily_Ref You'll not be voting to put an #IRA backing, #terrorist supporting #antisemite into No. 10 then, eh?;0
1204285796687196161;MatteoBressan81;Tue Dec 10 06:24:43 +0000 2019;"RT @NATOFoundation: #NewTerrorism2019

#Musca: The More fragile is a state, the more the possibility for a #criminal or terrorist group to‚Ä¶";0
1204281041168584704;americanionlyon;Tue Dec 10 06:05:49 +0000 2019;"Trump stresses ‚Å¶@saudiarabia‚Å© will get to the bottom"" of what happened at #Navy base attack as #Florida just like they did with #JamalKhashoggi #ButchersOfThe Desert #terrorist #MBS is mass of bullüí©#TrumpBribery
https://t.co/bbaTTESWd1";0
1204279649036931072;know_knew;Tue Dec 10 06:00:17 +0000 2019;RT @FPravitR: At first I found it very funny, and never have thought that this is what #Hongkong might really need... may be it is too late‚Ä¶;0
1204279538575908865;smutkoalex;Tue Dec 10 05:59:51 +0000 2019;"On this day:
10 December 

2016 - Terrorist bomb attacks outside a stadium in Istanbul kill 38 and injure 166
.
.
.
#bombing #terrorist #attack #istanbul https://t.co/YIMuZgfL06";0
1204276306256379905;nirikshhhh;Tue Dec 10 05:47:00 +0000 2019;"RT @dharmicverangna: Dear #KashmiriMuslim woman &amp; #terrorist sympathizer: Here's what #KashmiriMuslim #Terrorists should be ready forüëáüèΩ

#I‚Ä¶";0
1204276206658564096;SneekyHen;Tue Dec 10 05:46:36 +0000 2019;"RT @gy_sh1n: Corbyn has spent his entire political career providing succour &amp; support to various #terrorist #extremist #militant groups fro‚Ä¶";0
1204271448736485376;CAFFREY1_USA;Tue Dec 10 05:27:42 +0000 2019;"RT @__CAFFREY__USA: @risingbricsam #Japan
#JapaneseNews
#Japanese

#Smith (all one #terrorist gang of different nationalities+surnames) amo‚Ä¶";0
1204271160440967168;CAFFREY_USA;Tue Dec 10 05:26:33 +0000 2019;"RT @__CAFFREY__USA: @risingbricsam #Japan
#JapaneseNews
#Japanese

#Smith (all one #terrorist gang of different nationalities+surnames) amo‚Ä¶";0
1204270442296430592;deshvideshyt;Tue Dec 10 05:23:42 +0000 2019;India belongs to every Indian. India will protect Minorities from our #Islamic neighbours but will never welcome #Jihadi #Terrorist #‡§ï‡§ø‡§∏‡•Ä‡§ï‡•á‡§¨‡§æ‡§™‡§ï‡§æ‡§≠‡§æ‡§∞‡§§‡§•‡•ã‡§°‡§º‡•Ä‡§π‡•à;0
1204270350499905536;IAMONLYCAFFREY;Tue Dec 10 05:23:20 +0000 2019;"RT @__CAFFREY__USA: @risingbricsam #Japan
#JapaneseNews
#Japanese

#Smith (all one #terrorist gang of different nationalities+surnames) amo‚Ä¶";0
1204269947196567553;agustinusamson;Tue Dec 10 05:21:44 +0000 2019;RT @thouse_opinions: From 1990 to 2016, thousands of #terrorist attacks were launched in #Xinjiang, causing many deaths and much damage to‚Ä¶;0
1204269922416615424;__CAFFREY__USA;Tue Dec 10 05:21:38 +0000 2019;"@risingbricsam #Japan
#JapaneseNews
#Japanese

#Smith (all one #terrorist gang of different nationalities+surnames) among guilty conspire AggrevateStalkHackRapeMurder four #USA persons+2pets(see my @IAMONLYCAFFREY)+all Japan's #Katayama #Ono #Terada #Shindo #Gotou(4their identities,homes etc)";0
1204269120574959618;Ehab1Salah;Tue Dec 10 05:18:27 +0000 2019;RT @ph_meissner: ‚ùóÔ∏èRECRUITING‚ùóÔ∏è@UNODC is looking for qualified and committed applicants for a #prisonreform position in #Baghdad, #Iraq üáÆüá∂‚Ä¶;0
1204266428267814912;LizBuff46;Tue Dec 10 05:07:45 +0000 2019;RT @freeradicalone: #auspol #terrorist to #australia #Scott #Morrison rejects calls for more bushfire help, saying volunteer firefighters '‚Ä¶;0
1204265304034959361;freeradicalone;Tue Dec 10 05:03:17 +0000 2019;#auspol #terrorist to #australia #Scott #Morrison rejects calls for more bushfire help, saying volunteer firefighters 'want to be there' https://t.co/Yev01PC6DE;0
1204265052431364097;Tochukw25816012;Tue Dec 10 05:02:17 +0000 2019;"RT @mazinwakamma1: FIRS fired because he‚Äôs Christian &amp; not supporting #terrorist @HQNigerianArmy &amp; @PoliceNG to #murder innocent civilians‚Ä¶";0
1204264712327716865;hologramsticker;Tue Dec 10 05:00:56 +0000 2019;RT @thouse_opinions: From 1990 to 2016, thousands of #terrorist attacks were launched in #Xinjiang, causing many deaths and much damage to‚Ä¶;0
1204264490222505989;naveenpgupta;Tue Dec 10 05:00:03 +0000 2019;"RT @prasadhemant: #Pakistan‚Äôs image - 99% of the #terrorist attacks in the world have a Pakistan connection ?

#India‚Äôs image - we have giv‚Ä¶";0
1204264243748581376;_kvnali313;Tue Dec 10 04:59:04 +0000 2019;RT @thouse_opinions: From 1990 to 2016, thousands of #terrorist attacks were launched in #Xinjiang, causing many deaths and much damage to‚Ä¶;0
1204264067839545344;JessMarinDavis;Tue Dec 10 04:58:22 +0000 2019;RT @ph_meissner: ‚ùóÔ∏èRECRUITING‚ùóÔ∏è@UNODC is looking for qualified and committed applicants for a #prisonreform position in #Baghdad, #Iraq üáÆüá∂‚Ä¶;0
1204263887173894144;aashishiyer;Tue Dec 10 04:57:39 +0000 2019;"RT @dharmicverangna: Dear #KashmiriMuslim woman &amp; #terrorist sympathizer: Here's what #KashmiriMuslim #Terrorists should be ready forüëáüèΩ

#I‚Ä¶";0
1204263475696066560;wang_junmin;Tue Dec 10 04:56:01 +0000 2019;RT @thouse_opinions: From 1990 to 2016, thousands of #terrorist attacks were launched in #Xinjiang, causing many deaths and much damage to‚Ä¶;0
1204261199329677312;pradeepv357;Tue Dec 10 04:46:58 +0000 2019;"RT @sunil2819: @khanumarfa May be it‚Äôs your inference as you see things through your own #TukdeTukdeGang glasses. 

But yes this is for sur‚Ä¶";0
1204259211355590656;MRWQXGA;Tue Dec 10 04:39:04 +0000 2019;"RT @CamiP934: FOX HOST PETE HEGSETH WAS ""BANNED"" FROM TWITTER on Saturday after he shared an Anti-American ""manifesto"" of Anti-Semitic Pens‚Ä¶";0
1204258609024114688;AlbertJitka;Tue Dec 10 04:36:41 +0000 2019;"RT @CamiP934: FOX HOST PETE HEGSETH WAS ""BANNED"" FROM TWITTER on Saturday after he shared an Anti-American ""manifesto"" of Anti-Semitic Pens‚Ä¶";0
1204258160795504640;airbornepapet;Tue Dec 10 04:34:54 +0000 2019;RT @frma_com: @realDonaldTrump ‚ÄúSaudi Arabia, I get along with all of them. They buy apartments from me. They spend $40 million, $50 millio‚Ä¶;0
1204256178546659333;RevolutionsCen;Tue Dec 10 04:27:01 +0000 2019;#Fearless #TheView #shiaception 3 civilizations 1 book site:#Terrorist attacks enhance #fear https://t.co/t4AXCblcD7 https://t.co/EOH5V20OSB;0
1204256167813234693;priyansharaina;Tue Dec 10 04:26:59 +0000 2019;"RT @dharmicverangna: Dear #KashmiriMuslim woman &amp; #terrorist sympathizer: Here's what #KashmiriMuslim #Terrorists should be ready forüëáüèΩ

#I‚Ä¶";0
1204256165288382464;DrJoanWeller1;Tue Dec 10 04:26:58 +0000 2019;@Acyn @LindseyGrahamSC I am one interview away from calling you a #terrorist https://t.co/pRrNDPuuS1;0
1204255985331666944;littlebitbabie;Tue Dec 10 04:26:15 +0000 2019;"RT @CamiP934: FOX HOST PETE HEGSETH WAS ""BANNED"" FROM TWITTER on Saturday after he shared an Anti-American ""manifesto"" of Anti-Semitic Pens‚Ä¶";0
1204255490160463872;Vasanthambika2;Tue Dec 10 04:24:17 +0000 2019;"RT @dharmicverangna: Dear #KashmiriMuslim woman &amp; #terrorist sympathizer: Here's what #KashmiriMuslim #Terrorists should be ready forüëáüèΩ

#I‚Ä¶";0
1204254797269880833;LBCFOG;Tue Dec 10 04:21:32 +0000 2019;RT @thouse_opinions: From 1990 to 2016, thousands of #terrorist attacks were launched in #Xinjiang, causing many deaths and much damage to‚Ä¶;0
1204254444147200000;rennaewong;Tue Dec 10 04:20:08 +0000 2019;RT @thouse_opinions: From 1990 to 2016, thousands of #terrorist attacks were launched in #Xinjiang, causing many deaths and much damage to‚Ä¶;0
1204253890230796288;Colemans1;Tue Dec 10 04:17:56 +0000 2019;"@SallyShuttle @jeremycorbyn @UKLabour @NHSEngland @nhs4brexit @BorisJohnson @Conservatives I don't believe this nonsense &amp; not from someone who supports a #terrorist loving,  UK hating #racist like #jeremycorbyn @jeremycorbyn which shows what kind of sick revolting reprobate you are too Sally !! You absolutely disgust me &amp; any sane decent person  !!";0
1204253477708263431;adhtypf;Tue Dec 10 04:16:17 +0000 2019;RT @thouse_opinions: From 1990 to 2016, thousands of #terrorist attacks were launched in #Xinjiang, causing many deaths and much damage to‚Ä¶;0
1204253472482181120;28ramanSINGH;Tue Dec 10 04:16:16 +0000 2019;@ShefVaidya Agar epke es tweet se hurt hoke woh #terrorist bn gaya toh ap responsible hoge.üòÇüòÇ;0
1204252935229595650;thepointwithlx;Tue Dec 10 04:14:08 +0000 2019;RT @thouse_opinions: From 1990 to 2016, thousands of #terrorist attacks were launched in #Xinjiang, causing many deaths and much damage to‚Ä¶;0
1204251675327913987;chvmva;Tue Dec 10 04:09:07 +0000 2019;RT @ph_meissner: ‚ùóÔ∏èRECRUITING‚ùóÔ∏è@UNODC is looking for qualified and committed applicants for a #prisonreform position in #Baghdad, #Iraq üáÆüá∂‚Ä¶;0
1204250835586174978;prasadhemant;Tue Dec 10 04:05:47 +0000 2019;"#Pakistan‚Äôs image - 99% of the #terrorist attacks in the world have a Pakistan connection ?

#India‚Äôs image - we have given #Yoga to the world, the world came to India searching for #spices and we send #rockets to #moon and #mars and #satellites to #space whenever we wish ‚ò∫Ô∏è https://t.co/GlzdFZWGyr";0
1204247788747476994;IrAnParast8;Tue Dec 10 03:53:41 +0000 2019;@AlirezaNader #japan is Friendly With #Terrorist (mullahs) in #Occupaid #IrAn . #IranProtests #IranMassacre 2019;0
1204247221077790725;DaveCrockett20;Tue Dec 10 03:51:25 +0000 2019;"RT @CamiP934: FOX HOST PETE HEGSETH WAS ""BANNED"" FROM TWITTER on Saturday after he shared an Anti-American ""manifesto"" of Anti-Semitic Pens‚Ä¶";0
1204246430648422400;ElizabethWard2;Tue Dec 10 03:48:17 +0000 2019;"RT @OceanPatriot9: `

üìç You're Uneducated and Lack Empathy For 

Those Of Us Who Live Here, and Those Who Have Lost A Loved One. The NAS #P‚Ä¶";0
1204246040091734021;WiseOldQueen;Tue Dec 10 03:46:44 +0000 2019;"RT @UKInfidel: #IslamExposed: Jihadist Bomb Plotter Convicted in Sheffield: https://t.co/uiEQs2JGrp

#UK #Britainüá¨üáß

#Sheffield

#ReligionO‚Ä¶";0
1204245966376906753;UKInfidel;Tue Dec 10 03:46:26 +0000 2019;"RT @UKInfidel: #IslamExposed: Paris Police Have Guns Taken over Jihad Fears. https://t.co/Hmj8gu3gIJ

#France üá´üá∑

#Paris

#terrorist

#terr‚Ä¶";0
1204245515757654017;UKInfidel;Tue Dec 10 03:44:39 +0000 2019;"RT @UKInfidel: #IslamExposed: Convicted al-Shabaab Supporter Permitted to Remain in UK: https://t.co/LzjNdNVJgC

#UK #Britain üá¨üáß

#terroris‚Ä¶";0
1204245092627673088;StephenSpeaksUp;Tue Dec 10 03:42:58 +0000 2019;"RT @OceanPatriot9: `

üìç You're Uneducated and Lack Empathy For 

Those Of Us Who Live Here, and Those Who Have Lost A Loved One. The NAS #P‚Ä¶";0
1204245092627673088;StephenSpeaksUp;Tue Dec 10 03:42:58 +0000 2019;"RT @OceanPatriot9: `

üìç You're Uneducated and Lack Empathy For 

Those Of Us Who Live Here, and Those Who Have Lost A Loved One. The NAS #P‚Ä¶";0
1204244935135891456;EdwinBond12;Tue Dec 10 03:42:20 +0000 2019;"RT @CamiP934: FOX HOST PETE HEGSETH WAS ""BANNED"" FROM TWITTER on Saturday after he shared an Anti-American ""manifesto"" of Anti-Semitic Pens‚Ä¶";0
1204243789562421248;WiseOldQueen;Tue Dec 10 03:37:47 +0000 2019;"RT @UKInfidel: #IslamExposed: US Spooks Announce Death of Bin Laden Heir, if You Can Believe It: https://t.co/wzzbMJFev5

#USAüá∫üá∏

#America‚Ä¶";0
1204243789562421248;WiseOldQueen;Tue Dec 10 03:37:47 +0000 2019;"RT @UKInfidel: #IslamExposed: US Spooks Announce Death of Bin Laden Heir, if You Can Believe It: https://t.co/wzzbMJFev5

#USAüá∫üá∏

#America‚Ä¶";0
1204243342621626369;UKInfidel;Tue Dec 10 03:36:01 +0000 2019;"RT @UKInfidel: #IslamExposed: American Airlines Saboteur Has Links to Islamic State: https://t.co/o1S0Rsc5g6

#USAüá∫üá∏

#America

#AmericanAi‚Ä¶";0
1204242405349720064;rohit_rks;Tue Dec 10 03:32:17 +0000 2019;#very good it's better way to Tackle with #Terrorist They are not #migrants all are #Islamic #Terrorist https://t.co/mbRgQYqq3v;0
1204241874992730117;UKInfidel;Tue Dec 10 03:30:11 +0000 2019;RT @UKInfidel: #IslamExposed: Execute Him: Kurds Capture Bloodthirsty Islamic State Beheader Who Lived off Your Taxes: https://t.co/hO5Q0NE‚Ä¶;0
1204241672923680769;conchi_gonzalez;Tue Dec 10 03:29:23 +0000 2019;Agree. A clown ü§° in the Oval Office who do not have the guts to defendüá∫üá∏! #floridashooting #saudi #terrorist https://t.co/dNDPmqZx1E https://t.co/0P7g9MvzHt;0
1204241332081852417;SDCHE2;Tue Dec 10 03:28:01 +0000 2019;@ImranKhanPTI first save ur country and the people of ur country from #starvation and #terrorist attack.Phir sochna India k baare MN Kashmir humara hai tha ar rahega chup ho ke baith.@PMOIndia @narendramodi @AmitShah @rajnathsingh @INCIndia.We don‚Äôt need any help frm outsiders https://t.co/3jgN3TqPtO;0
1204240884063182848;VSanax;Tue Dec 10 03:26:15 +0000 2019;RT @zsixkillerk: @GeorgeMAGA2020 And she reminds me of a #RadicalIslamicTerrorist #Terrorist in #USCongress @SpeakerPelosi üñïüèº@WhiteHouse‚Ä¶;0
1204240821928808449;UKInfidel;Tue Dec 10 03:26:00 +0000 2019;"RT @UKInfidel: #IslamExposed: US Spooks Announce Death of Bin Laden Heir, if You Can Believe It: https://t.co/wzzbMJFev5

#USAüá∫üá∏

#America‚Ä¶";0
1204239740251312128;UKInfidel;Tue Dec 10 03:21:42 +0000 2019;"RT @UKInfidel: #IslamExposed: Jihadist Bomb Plotter Convicted in Sheffield: https://t.co/uiEQs2JGrp

#UK #Britainüá¨üáß

#Sheffield

#ReligionO‚Ä¶";0
1204239487892705280;neesietweets;Tue Dec 10 03:20:42 +0000 2019;"RT @CamiP934: FOX HOST PETE HEGSETH WAS ""BANNED"" FROM TWITTER on Saturday after he shared an Anti-American ""manifesto"" of Anti-Semitic Pens‚Ä¶";0
1204238491854360582;ISarsona;Tue Dec 10 03:16:44 +0000 2019;"RT @CamiP934: FOX HOST PETE HEGSETH WAS ""BANNED"" FROM TWITTER on Saturday after he shared an Anti-American ""manifesto"" of Anti-Semitic Pens‚Ä¶";0
1204238252661719041;NancyLDaley2;Tue Dec 10 03:15:47 +0000 2019;"RT @CamiP934: FOX HOST PETE HEGSETH WAS ""BANNED"" FROM TWITTER on Saturday after he shared an Anti-American ""manifesto"" of Anti-Semitic Pens‚Ä¶";0
1204238204284440577;_rimpi;Tue Dec 10 03:15:36 +0000 2019;"RT @dharmicverangna: Dear #KashmiriMuslim woman &amp; #terrorist sympathizer: Here's what #KashmiriMuslim #Terrorists should be ready forüëáüèΩ

#I‚Ä¶";0
1204238095039836165;GoldBlockchain;Tue Dec 10 03:15:10 +0000 2019;@namepros @netsolcares User riz m @namepros profile states he is from #Ajman never heard about it. #Help find this #internet #terrorist! Let's bring these #criminal #fakes that provoke and STAND BY THE THE LIARS their JUST DUE!;0
1204237784946364417;AniketBSatpute2;Tue Dec 10 03:13:56 +0000 2019;"RT @dharmicverangna: Dear #KashmiriMuslim woman &amp; #terrorist sympathizer: Here's what #KashmiriMuslim #Terrorists should be ready forüëáüèΩ

#I‚Ä¶";0
1204237260469571584;CamiP934;Tue Dec 10 03:11:51 +0000 2019;"FOX HOST PETE HEGSETH WAS ""BANNED"" FROM TWITTER on Saturday after he shared an Anti-American ""manifesto"" of Anti-Semitic Pensacola Shooter Mohammed Alshamrani #terrorist

Establishment DOD REFUSES to declare this a #TerroristAttack

https://t.co/0NF3nvWBFS";0
1204236688928772098;UKInfidel;Tue Dec 10 03:09:34 +0000 2019;"RT @UKInfidel: #IslamExposed: Bangladeshi Bin Laden Fan Plotted to Bomb Times Square: https://t.co/9QftKTwQD3

#America

#USAüá∫üá∏

#newyorkci‚Ä¶";0
1204234984820600832;Witspunmuse;Tue Dec 10 03:02:48 +0000 2019;"RT @dharmicverangna: Dear #KashmiriMuslim woman &amp; #terrorist sympathizer: Here's what #KashmiriMuslim #Terrorists should be ready forüëáüèΩ

#I‚Ä¶";0
1204233856288727040;Miami_Water;Tue Dec 10 02:58:19 +0000 2019;Nightmare Before #CIA #Terrorist #Christmas Have a Happy War Monger Fake Pa... https://t.co/KxJOXN9zaE via @YouTube;0
1204232848506380288;uash9708;Tue Dec 10 02:54:19 +0000 2019;"RT @HonkHase: And the scenario repeats again.

First:

Only to hunt #terrorist and/or child abuse!!!

After establishment of the #law and t‚Ä¶";0
1204232013596839938;Agenparl;Tue Dec 10 02:51:00 +0000 2019;Gold Coast man charged with multiple #Terrorism offences - https://t.co/3YWppNvci5 #AustralianFederalPolice #Organisation #Police #Queensland #Terrorist #AgenparlEnglish #Cronaca #Sicurezza #SocialNetwork https://t.co/bEyhXoOJfx;0
1204231480345550848;Biafrason7;Tue Dec 10 02:48:53 +0000 2019;"RT @mazinwakamma1: FIRS fired because he‚Äôs Christian &amp; not supporting #terrorist @HQNigerianArmy &amp; @PoliceNG to #murder innocent civilians‚Ä¶";0
1204230180396396544;t44fts;Tue Dec 10 02:43:43 +0000 2019;@nypost So then #pornstache watched mass shooting videos and wrote an anti-American manifesto, then became a #terrorist.  Most would just shave.  #Notbuyingit;0
1204230153322188802;manav_4_nation;Tue Dec 10 02:43:36 +0000 2019;#jnu factory  producing #Maoist #terrorist like #kanhiya_kumar #treater;0
1204229913881890816;PaulCal;Tue Dec 10 02:42:39 +0000 2019;"RT @DrGillLeighton: The worst 'deal' in #Canada's history, negotiated by a failed journalist who hates #Israel &amp; supports #antisemitic #ter‚Ä¶";0
1204228700071444487;JeanGenie19;Tue Dec 10 02:37:50 +0000 2019;RT @thouse_opinions: From 1990 to 2016, thousands of #terrorist attacks were launched in #Xinjiang, causing many deaths and much damage to‚Ä¶;0
1204228689438924801;zsixkillerk;Tue Dec 10 02:37:47 +0000 2019;@GeorgeMAGA2020 And she reminds me of a #RadicalIslamicTerrorist #Terrorist in #USCongress @SpeakerPelosi üñïüèº@WhiteHouse  ‚ù§Ô∏èüôèüèºüá∫üá∏ @IlhanMN  @POTUS HELP USA üá∫üá∏;0
1204228283140902912;AceManChris;Tue Dec 10 02:36:10 +0000 2019;RT @Jerusalem_Post: A #Jordanian court sentenced a man to eight years in prison on Monday for allegedly planning to carry out a #terrorist‚Ä¶;0
1204228272126447616;tnc_global;Tue Dec 10 02:36:08 +0000 2019;RT @Jerusalem_Post: A #Jordanian court sentenced a man to eight years in prison on Monday for allegedly planning to carry out a #terrorist‚Ä¶;0
1204227757787344897;FPravitR;Tue Dec 10 02:34:05 +0000 2019;At first I found it very funny, and never have thought that this is what #Hongkong might really need... may be it is too late, but prevention is better than any cure #condom #terrorist #rioters https://t.co/yYbw49s2OS ‡∏°‡∏∂‡∏á‡∏Å‡πá‡∏î‡πâ‡∏ß‡∏¢‡∏ô‡∏∞‡∏Ñ‡∏£‡∏±‡∏ä‡πÑ‡∏≠‡πâ‡πÄ‡∏´‡∏µ‡πâ‡∏¢‡∏û‡∏µ‡πà #‡∏õ @PravitR #‡πÑ‡∏≠‡πâ‡∏ü‡∏±‡∏Å;0
1204226208684068864;goof97;Tue Dec 10 02:27:56 +0000 2019;"RT @DrGillLeighton: The worst 'deal' in #Canada's history, negotiated by a failed journalist who hates #Israel &amp; supports #antisemitic #ter‚Ä¶";0
1204225074225500160;ShyamjiIndian;Tue Dec 10 02:23:25 +0000 2019;"RT @dharmicverangna: Dear #KashmiriMuslim woman &amp; #terrorist sympathizer: Here's what #KashmiriMuslim #Terrorists should be ready forüëáüèΩ

#I‚Ä¶";0
1204224464755535873;YWD2018;Tue Dec 10 02:21:00 +0000 2019;RT @thouse_opinions: From 1990 to 2016, thousands of #terrorist attacks were launched in #Xinjiang, causing many deaths and much damage to‚Ä¶;0
1204223595775438848;Jerusalem_Post;Tue Dec 10 02:17:33 +0000 2019;"A #Jordanian court sentenced a man to eight years in prison on Monday for allegedly planning to carry out a #terrorist attack against the #Israel embassy in Amman last year.
üëâhttps://t.co/ee9XIdIdZy https://t.co/cGYARO0Uye";0
1204222337085657088;Godshandiwrk;Tue Dec 10 02:12:33 +0000 2019;@RVAwonk #proudboys are a #racist #terrorist group!!;0
1204221686050172928;rgilbertmusic;Tue Dec 10 02:09:57 +0000 2019;@EpochTimes @allidoisowen @RepJerryNadler You're a fake looking for your 15 minutes of fame. #racist #terrorist #communist #traitor Shroyer is hoping trump will let him kiss is orange ass. #snowflake;0
1204219406081019905;d7cam;Tue Dec 10 02:00:54 +0000 2019;"@MrJones_tm I ‚Äúmarried my brother‚Äù Barbie 
ü§Æü§Æü§Æü§Æü§Æ
Isn‚Äôt this evil traitor about to go to jail?
#terrorist";0
1204218635033726977;nyakoshiro01;Tue Dec 10 01:57:50 +0000 2019;"This is one of the reasons why Hong Kongers demand #HKPF to show their warrant card.  Without it, how can we distinguish a police officer from a #terrorist?

#StandWithHongKong 
#FightForFreedom
#HKPoliceState 
#HKPoliceTerrorism 
#HKPoliceTerrorists https://t.co/243RwmH6Pw";0
1204215511891894273;hrishabh_hv007;Tue Dec 10 01:45:25 +0000 2019;"RT @dharmicverangna: Dear #KashmiriMuslim woman &amp; #terrorist sympathizer: Here's what #KashmiriMuslim #Terrorists should be ready forüëáüèΩ

#I‚Ä¶";0
1204214466876821505;t_anupam;Tue Dec 10 01:41:16 +0000 2019;"RT @dharmicverangna: Dear #KashmiriMuslim woman &amp; #terrorist sympathizer: Here's what #KashmiriMuslim #Terrorists should be ready forüëáüèΩ

#I‚Ä¶";0
1204214178627457024;AhmAsmiYodha;Tue Dec 10 01:40:08 +0000 2019;"RT @dharmicverangna: Dear #KashmiriMuslim woman &amp; #terrorist sympathizer: Here's what #KashmiriMuslim #Terrorists should be ready forüëáüèΩ

#I‚Ä¶";0
1204213474647105537;Mohamme12086620;Tue Dec 10 01:37:20 +0000 2019;"RT @ARSA_Official: - THE #BURMESE #TERRORIST #GOVERNMENT &amp; GENOCIDAL #MILITARY REGIME CONTINUE TO DESTROY #ROHINGYA PEOPLE AS A WHOLE https‚Ä¶";0
1204212706347278336;PBrownNovels;Tue Dec 10 01:34:17 +0000 2019;"RT @pparkerntx: Why so much pushback on the recent troop withdrawals?
Deep state is a War Merchant, no war, no money.
Get War Merchant and‚Ä¶";0
1204212694414266368;Sunny74240064;Tue Dec 10 01:34:14 +0000 2019;"RT @dharmicverangna: Dear #KashmiriMuslim woman &amp; #terrorist sympathizer: Here's what #KashmiriMuslim #Terrorists should be ready forüëáüèΩ

#I‚Ä¶";0
1204210269490208769;barkster21;Tue Dec 10 01:24:36 +0000 2019;"#Pensacola Naval shooter was 'infuriated' after instructor nicknamed him 'Porn Stash': https://t.co/xMtWVbLBEu #Alshamrani is an ""infuriated"" #terrorist! What #insanity!End this""educational""program on #USA soil 4 all #foreigners NOW! 4 the deserving, teach them in their country!";0
1204210062824108032;rohit_rks;Tue Dec 10 01:23:46 +0000 2019;#Another #Jungle and upcoming #Terrorist's teacher are in #USA What will #iowastate will do with him? Will #Iowa #Police arrest him or sit silently ? don't know @Iowapolice https://t.co/81MG941U1U;0
1204210004284325890;uniquechoices;Tue Dec 10 01:23:32 +0000 2019;#antifadomesticterrorists @realDonaldTrump please because they are. Anyone who hates America hates our flag hates the #AmericanPeople are #terrorist https://t.co/IZxyB8gNIV;0
1204208773247561730;_1BUV;Tue Dec 10 01:18:39 +0000 2019;"The #Georgian national #Killed in #Berlin was a murderous #Terrorist, but Russia had nothing to do with his death, President Vladimir #Putin said. He was commenting on Germany‚Äôs expulsion of two Russian diplomats.      

Last week, the G ...
 
https://t.co/yd9nWjAlpo https://t.co/UO8uh06ExK";0
1204207626587967488;michaeleichert;Tue Dec 10 01:14:05 +0000 2019;RT @thouse_opinions: From 1990 to 2016, thousands of #terrorist attacks were launched in #Xinjiang, causing many deaths and much damage to‚Ä¶;0
1204207349252206592;dharmicverangna;Tue Dec 10 01:12:59 +0000 2019;"RT @dharmicverangna: Dear #KashmiriMuslim woman &amp; #terrorist sympathizer: Here's what #KashmiriMuslim #Terrorists should be ready forüëáüèΩ

#I‚Ä¶";0
1204206996259520513;libgrim;Tue Dec 10 01:11:35 +0000 2019;"RT @libgrim: @GKeile The base shooter &amp; his buddies are #terrorist #Jihadis plain &amp; simple! I implore @realDonaldTrump to stop this madness‚Ä¶";0
1204206712296632325;captinc;Tue Dec 10 01:10:27 +0000 2019;@Ilhan I think your confused with @RepJerryNadler pounding the table because he knows he‚Äôs caught #Hoax #Tryhard #americanvalues #5thdistrictjihad  maybe focus on your district being labeled a ‚ÄúHot Bed‚Äù for #terrorist by the @fbi instead of making recruitment videos.üá∫üá∏üá∫üá∏üá∫üá∏üá∫üá∏üá∫üá∏üá∫üá∏üá∫üá∏üá∫üá∏üá∫üá∏üá∫üá∏;0
1204205997910372352;AlexanderRispo1;Tue Dec 10 01:07:37 +0000 2019;RT @npcdailysite: Unapproved journalists suspended from Twitter for posting hate facts about Pensacola shooter. Who are the REAL terrorists‚Ä¶;0
1204203401539538944;aquateal45;Tue Dec 10 00:57:18 +0000 2019;"RT @dharmicverangna: Dear #KashmiriMuslim woman &amp; #terrorist sympathizer: Here's what #KashmiriMuslim #Terrorists should be ready forüëáüèΩ

#I‚Ä¶";0
1204203239844896774;PrachetasPande1;Tue Dec 10 00:56:40 +0000 2019;"RT @dharmicverangna: Dear #KashmiriMuslim woman &amp; #terrorist sympathizer: Here's what #KashmiriMuslim #Terrorists should be ready forüëáüèΩ

#I‚Ä¶";0
1204203177987330049;Ekamevadvityam;Tue Dec 10 00:56:25 +0000 2019;"RT @dharmicverangna: Dear #KashmiriMuslim woman &amp; #terrorist sympathizer: Here's what #KashmiriMuslim #Terrorists should be ready forüëáüèΩ

#I‚Ä¶";0
1204203032386260992;Imkgauravmishra;Tue Dec 10 00:55:50 +0000 2019;"RT @dharmicverangna: Dear #KashmiriMuslim woman &amp; #terrorist sympathizer: Here's what #KashmiriMuslim #Terrorists should be ready forüëáüèΩ

#I‚Ä¶";0
1204202944196837377;s_dandona;Tue Dec 10 00:55:29 +0000 2019;"RT @dharmicverangna: Dear #KashmiriMuslim woman &amp; #terrorist sympathizer: Here's what #KashmiriMuslim #Terrorists should be ready forüëáüèΩ

#I‚Ä¶";0
1204202805000466432;KingTrayi;Tue Dec 10 00:54:56 +0000 2019;"RT @ArjunHey: @spectatorindex Duh! Usman Khan is a common name - might as well use the term #Islamic #Radical #Terrorist 
#IslamicTerrorist‚Ä¶";0
1204202627367677952;dharmicverangna;Tue Dec 10 00:54:14 +0000 2019;"Dear #KashmiriMuslim woman &amp; #terrorist sympathizer: Here's what #KashmiriMuslim #Terrorists should be ready forüëáüèΩ

#InshaAllah https://t.co/UaFFjvXR2z https://t.co/ln4r9225xH";0
1204202155936231426;DVGYM;Tue Dec 10 00:52:21 +0000 2019;"RT @Homsher_PhD: @realDonaldTrump Secure the border #BuildTheWall Declare the drug cartels #terrorist organizations.

Detroit: 2 kids disco‚Ä¶";0
1204202094154137600;Lilannie1965;Tue Dec 10 00:52:06 +0000 2019;RT @cindievaccaro: It's a shame that Albania cannot house this #Terrorist criminal for his prison sentence of 22 years. At the very least,‚Ä¶;0
1204201361975345152;damspahn;Tue Dec 10 00:49:12 +0000 2019;How horrible. First, a #RadicalizedRepublicanTerrorist kills the US Army lieutenant, and then the Army refuses to give him benefits, even though he was commissioned 2 days before his murder by #terrorist. #RacistInChief #USArmy https://t.co/9IbaOXPPYN;0
1204199944078446593;geert100geert;Tue Dec 10 00:43:34 +0000 2019;RT @RANEurope: How can prisoners find a positive path back into society? A practical guide on the #rehabilitation of #radicalised and #terr‚Ä¶;0
1204199819520225280;StevePerkins14;Tue Dec 10 00:43:04 +0000 2019;".When will they hold #SaudiArabia accountable...
#terrorist https://t.co/gsVub5U5Cb";0
1204199578100260864;libgrim;Tue Dec 10 00:42:07 +0000 2019;"@GKeile The base shooter &amp; his buddies are #terrorist #Jihadis plain &amp; simple! I implore @realDonaldTrump to stop this madness, deal with the #Saudis harshly &amp; deport every #muslim military from our training programs!";0
1204199146472628225;AlanCane604;Tue Dec 10 00:40:24 +0000 2019;"RT @DrGillLeighton: The worst 'deal' in #Canada's history, negotiated by a failed journalist who hates #Israel &amp; supports #antisemitic #ter‚Ä¶";0
1204198807568887809;mrsg_who;Tue Dec 10 00:39:03 +0000 2019;#America is done w/#Terrorist Tho: #PornStash  LMAO! #LockThemALLUp Pensacola Attack Probed for Terrorism Link. Saudi Suspect Clashed With Instructor. https://t.co/tH4vn9fPEp via @Yahoo;0
1204198630657122304;sumanebot;Tue Dec 10 00:38:21 +0000 2019;"RT @iamsachith: Rishad Bathiudeen, time for you to answer and pay for your crimes
#ArrestBathiudeen #PayforCrimesRishad #SriLanka #ProtectW‚Ä¶";0
1204198339836809219;AngelMgrifn;Tue Dec 10 00:37:11 +0000 2019;"RT @5945USARTR: Amen‚úùÔ∏è I‚Äôm heartbroken at the lack of response 4 Our Navy soldiers &amp; 4 my family who served with these men. 
He was a 9/11e‚Ä¶";0
1204198236954726402;HHudek;Tue Dec 10 00:36:47 +0000 2019;Creeping Sharia ‚Äî Texas: Afghan pilot training program terminated...‚Å¶@RepMattGaetz‚Å© ‚Å¶@realDonaldTrump‚Å© #PensacolaShooter ‚Å¶@NASPCOLA‚Å© ‚Å¶@USNavyCNO‚Å© ‚Å¶@StateDept‚Å© ‚Å¶@DHSgov‚Å© #Navy #terrorist  https://t.co/ZiD8ZADvLa;0
1204198038593589249;cindievaccaro;Tue Dec 10 00:35:59 +0000 2019;"It's a shame that Albania cannot house this #Terrorist criminal for his prison sentence of 22 years. At the very least, we should send them the bill.

https://t.co/SBMZdrOJ5I";0
1204197507397345280;Jaccuse1;Tue Dec 10 00:33:53 +0000 2019;"RT @Miami_Rebelde: Fucking #GeorgeZimmerman is sueing #TrayvonMartin's family for 100 Million for ""slander and defamation"" like this piece‚Ä¶";0
1204196792234991616;BobMakenzie1;Tue Dec 10 00:31:02 +0000 2019;"RT @DrGillLeighton: The worst 'deal' in #Canada's history, negotiated by a failed journalist who hates #Israel &amp; supports #antisemitic #ter‚Ä¶";0
1204194072946040832;frma_com;Tue Dec 10 00:20:14 +0000 2019;"@stevenmnuchin1 @SaudiMCI ""#SaudiArabia, I get along with all of them. They buy apartments from me. They spend $40 million, $50 million. Am I supposed to dislike them? I like them very much.‚Äù Tump (2015)

Where is #POTUS45 outrage at a #terrorist #Attack #PensacolaNAS ?

Siding with the them...why?";0
1204191332429811713;KevinArdery;Tue Dec 10 00:09:21 +0000 2019;"RT @OceanPatriot9: `

üìç You're Uneducated and Lack Empathy For 

Those Of Us Who Live Here, and Those Who Have Lost A Loved One. The NAS #P‚Ä¶";0
1204190779452936192;MFS001;Tue Dec 10 00:07:09 +0000 2019;"RT @DrGillLeighton: The worst 'deal' in #Canada's history, negotiated by a failed journalist who hates #Israel &amp; supports #antisemitic #ter‚Ä¶";0
1204190500330393600;Lydia_Canaan;Tue Dec 10 00:06:02 +0000 2019;RT @Lydia_Canaan: Watch my United Nations speech on Persecution Of Religious Minorities #LydiaCanaan #singer #humanitarian #RockStar #Diplo‚Ä¶;0
1204189447106920449;PatJone29703057;Tue Dec 10 00:01:51 +0000 2019;"RT @CanadaSpecialA1: #VERYINTERESTING 

Friend &amp; Partner of 
""Safety Minister"" #BillBlair 
#terrorist #RajGrewal
""GAMBLING ISSUES"" https://‚Ä¶";0
1204189433056116737;Xtrme4;Tue Dec 10 00:01:48 +0000 2019;RT @WesleyDodds4USA: @gatewaypundit Here's a question for former FBI Director Comey, why did he conceal that the #FBI was paying the #Talib‚Ä¶;0
1204188855768887296;DrGillLeighton;Mon Dec 09 23:59:30 +0000 2019;"The worst 'deal' in #Canada's history, negotiated by a failed journalist who hates #Israel &amp; supports #antisemitic #terrorist organisations - #Canadians could not be more ashamed of @cafreeland @CBCKatie &amp; #SHAMEONYOU for suggesting otherwise #cdnpoli #onpoli #TrudeauMustGo https://t.co/ubw8FNNPJU";0
1204188099288408064;KNP2BP;Mon Dec 09 23:56:30 +0000 2019;"RT @5945USARTR: Amen‚úùÔ∏è I‚Äôm heartbroken at the lack of response 4 Our Navy soldiers &amp; 4 my family who served with these men. 
He was a 9/11e‚Ä¶";0
1204186451203592192;Richard70740888;Mon Dec 09 23:49:57 +0000 2019;RT @WesleyDodds4USA: @gatewaypundit Here's a question for former FBI Director Comey, why did he conceal that the #FBI was paying the #Talib‚Ä¶;0
1204185692605231105;mynico1;Mon Dec 09 23:46:56 +0000 2019;RT @WesleyDodds4USA: @gatewaypundit Here's a question for former FBI Director Comey, why did he conceal that the #FBI was paying the #Talib‚Ä¶;0
1204184738199678976;laletrasiente;Mon Dec 09 23:43:08 +0000 2019;Is he Christian? #Terrorist https://t.co/fYPgsGahzq;0
1204184590019108864;triman4life;Mon Dec 09 23:42:33 +0000 2019;"@JoeSilverman7 Looks like ""someone"" is trying to position this as something as other than a #terrorist attack.";0
1204183593683214336;DanielSAtkins1;Mon Dec 09 23:38:36 +0000 2019;RT @WesleyDodds4USA: @gatewaypundit Here's a question for former FBI Director Comey, why did he conceal that the #FBI was paying the #Talib‚Ä¶;0
1204182005795164166;ToriJordan212;Mon Dec 09 23:32:17 +0000 2019;"RT @gy_sh1n: Corbyn has spent his entire political career providing succour &amp; support to various #terrorist #extremist #militant groups fro‚Ä¶";0
1204181496153686019;notamused666;Mon Dec 09 23:30:15 +0000 2019;"RT @gy_sh1n: Corbyn has spent his entire political career providing succour &amp; support to various #terrorist #extremist #militant groups fro‚Ä¶";0
1204181360363163650;SheronC01571447;Mon Dec 09 23:29:43 +0000 2019;"RT @gy_sh1n: Corbyn has spent his entire political career providing succour &amp; support to various #terrorist #extremist #militant groups fro‚Ä¶";0
1204181052224348160;Eileen2rte1;Mon Dec 09 23:28:30 +0000 2019;RT @WesleyDodds4USA: @BruceAlrighty45 @MaamBot They were paying the Taliban for 11 years, Bruce, and they pretended to know nothing about O‚Ä¶;0
1204180706642907136;SdBachman;Mon Dec 09 23:27:07 +0000 2019;"RT @gy_sh1n: Corbyn has spent his entire political career providing succour &amp; support to various #terrorist #extremist #militant groups fro‚Ä¶";0
1204180561104900096;vvvvvvvvvvxv;Mon Dec 09 23:26:33 +0000 2019;RT @WesleyDodds4USA: @BruceAlrighty45 @MaamBot They were paying the Taliban for 11 years, Bruce, and they pretended to know nothing about O‚Ä¶;0
1204180383572643840;goerke_;Mon Dec 09 23:25:50 +0000 2019;"RT @Homsher_PhD: @realDonaldTrump Secure the border #BuildTheWall Declare the drug cartels #terrorist organizations.

Detroit: 2 kids disco‚Ä¶";0
1204180028763734016;MISTERLAV1;Mon Dec 09 23:24:26 +0000 2019;RT @WesleyDodds4USA: @gatewaypundit Here's a question for former FBI Director Comey, why did he conceal that the #FBI was paying the #Talib‚Ä¶;0
1204179932210839554;Flyover01047267;Mon Dec 09 23:24:03 +0000 2019;"RT @CanadaSpecialA1: #VERYINTERESTING 

Friend &amp; Partner of 
""Safety Minister"" #BillBlair 
#terrorist #RajGrewal
""GAMBLING ISSUES"" https://‚Ä¶";0
1204179327715291137;TRCan66839023;Mon Dec 09 23:21:38 +0000 2019;"RT @CanadaSpecialA1: #VERYINTERESTING 

Friend &amp; Partner of 
""Safety Minister"" #BillBlair 
#terrorist #RajGrewal
""GAMBLING ISSUES"" https://‚Ä¶";0
1204179260438646785;no1lawyer;Mon Dec 09 23:21:22 +0000 2019;"RT @gy_sh1n: Corbyn has spent his entire political career providing succour &amp; support to various #terrorist #extremist #militant groups fro‚Ä¶";0
1204178718358298625;SirMickW;Mon Dec 09 23:19:13 +0000 2019;"RT @gy_sh1n: Corbyn has spent his entire political career providing succour &amp; support to various #terrorist #extremist #militant groups fro‚Ä¶";0
1204178718358298625;SirMickW;Mon Dec 09 23:19:13 +0000 2019;"RT @gy_sh1n: Corbyn has spent his entire political career providing succour &amp; support to various #terrorist #extremist #militant groups fro‚Ä¶";0
