1203944829371109376;RadicalistLabs;Mon Dec 09 07:49:50 +0000 2019;"Are you Looking for Job opportunity ??? Stay on top of your game with updates about exciting opportunities with #Radicalist Labs  

Click on the Link Now: https://t.co/hU7vja3qvr

#Radicalistlabs #Radicalistjob #jobsearch #smartjobserach #professionalresume #resumebuilding https://t.co/9UtRFR6IWF";0
1203801506484563971;Alkasem83000;Sun Dec 08 22:20:19 +0000 2019;RT @RadicalistLabs: ‚úÖ Our goal is making job applications personalized and effortless through the use of cutting-edge technologies includin‚Ä¶;0
1203224931619741697;CurrentTrends1;Sat Dec 07 08:09:13 +0000 2019;RT @RadicalistLabs: ‚úÖ Our goal is making job applications personalized and effortless through the use of cutting-edge technologies includin‚Ä¶;0
1203222681732210688;RadicalistLabs;Sat Dec 07 08:00:16 +0000 2019;"‚úÖ Our goal is making job applications personalized and effortless through the use of cutting-edge technologies including Artificial Intelligence.

üëâ Signup Now: https://t.co/VHVUuyhPj8

#Radicalistlabs #Radicalistjob #jobsearch #AI #jobpost #latestjob #quickmatch #Radicalist https://t.co/qt8JI6beYO";0
1202144691472363521;RadicalistLabs;Wed Dec 04 08:36:43 +0000 2019;"Opportunity might mean moving out of state or even across the country.

Apply Now: https://t.co/hU7vja3qvr

#Radicalistlabs #Radicalistjob #jobsearch #smartjobserach #professionalresume #resumebuilding #jobpost #latestjob #jobapplications #resumetemplates #quickmatch #Radicalist https://t.co/RK9xEEvyAg";0
1201449731731275776;RadicalistLabs;Mon Dec 02 10:35:12 +0000 2019;"Find Yourself and Choose a job that suits you

Apply Now: https://t.co/hU7vja3qvr

#Radicalistlabs #Radicalistjob #jobsearch #smartjobserach #professionalresume #resumebuilding #jobpost #latestjob #jobapplications #resumetemplates #quickmatch #Radicalist https://t.co/9gGs1qInZL";0
1200410915285295106;RadicalistLabs;Fri Nov 29 13:47:19 +0000 2019;"Don‚Äôt look for an industry Look for an #opportunity.

Apply Now: https://t.co/hU7vja3qvr

#Radicalistlabs #Radicalistjob #jobsearch #smartjobserach #professionalresume #resumebuilding #jobpost #latestjob #jobapplications #resumetemplates #quickmatch #Radicalist https://t.co/XBd8wCgwxX";0
1199665613452394498;RadicalistLabs;Wed Nov 27 12:25:45 +0000 2019;"‚ÄúEveryone wants an #opportunity but won‚Äôt ____.‚Äù What‚Äôs your excuse?

Find your opportunity: https://t.co/hU7vja3qvr 

#Radicalistlabs #Radicalistjob #jobsearch #smartjobserach #professionalresume #resumebuilding #jobpost #latestjob #jobapplications  #quickmatch #Radicalist https://t.co/5nLLcXHxqk";0
1198952920621948930;jobseekslack;Mon Nov 25 13:13:46 +0000 2019;"RT @RadicalistLabs: Remember: your #portfolio is the new interview!

Showcase the best of your work and we‚Äôll bring your dream opportunity‚Ä¶";0
1198952334732120064;RadicalistLabs;Mon Nov 25 13:11:26 +0000 2019;"Remember: your #portfolio is the new interview!

Showcase the best of your work and we‚Äôll bring your dream opportunity to your door.

Signup Now: https://t.co/VHVUuyzqaG

#Radicalistlabs #Radicalistjob #jobsearch #smartjobserach #professionalresume #resumebuilding  #Radicalist https://t.co/hDNQtq4wdR";0
1198191856917417989;RadicalistLabs;Sat Nov 23 10:49:34 +0000 2019;"It's time to update your #CV and Stay on top of your game with updates about exciting opportunities.

 Browser #opportunities on the go with https://t.co/Slxbn16Tc2

#Radicalistlabs #jobsearch  #jobpost #latestjob #jobapplications #resumetemplates #quickmatch #Radicalist https://t.co/0p6wqg0kK4";0
1197183190135263233;RadicalistLabs;Wed Nov 20 16:01:29 +0000 2019;"A Goal without a Plan is just a wish.

Register Now On #Radicalist for smart job search:
https://t.co/VHVUuyzqaG

#Radicalistlabs #Radicalistjob #jobsearch #smartjobserach #professionalresume #resumebuilding #jobpost #latestjob  #quickmatch #motivationalquotes #motivational https://t.co/obqNzK5TVy";0
1196464684003512321;RadicalistLabs;Mon Nov 18 16:26:24 +0000 2019;"IF YOU COULD START ALL OVER AGAIN , WOULD YOU?

Start your #job search Now: https://t.co/hU7vja3qvr

#Radicalistlabs #Radicalistjob #jobsearch #smartjobserach  #quickmatch #resumebuilding #jobpost #jobapplications #jobs #resumetemplates #swipe #rspace #jobopening #Radicalist https://t.co/7a6AZ2tLH7";0
1194951494421950464;jobseekslack;Thu Nov 14 12:13:32 +0000 2019;"RT @RadicalistLabs: ‚ÄúI am not a product of circumstances. I am a product of my decisions.‚Äù ~ Stephen Covey

#Radicalistlabs #Radicalistjob‚Ä¶";0
1194950714885206016;RadicalistLabs;Thu Nov 14 12:10:26 +0000 2019;"‚ÄúI am not a product of circumstances. I am a product of my decisions.‚Äù ~ Stephen Covey

#Radicalistlabs #Radicalistjob #jobsearch #smartjobserach #professionalresume #quickmatch #resumebuilding #jobpost #jobapplications #resumetemplates #swipe #rspace #jobopening #Radicalist https://t.co/lHAz7RimVJ";0
1193434112163377152;RadicalistLabs;Sun Nov 10 07:43:59 +0000 2019;"Ability is #limitless. Do more, be more!

Register Now On #Radicalist for smart job search:
https://t.co/VHVUuyzqaG

#Motivation #Radicalistlabs #Radicalistjob #jobsearch #smartjobserach #professionalresume #resumebuilding #jobpost #latestjob #jobapplications #quickmatch https://t.co/uxo3dMqAtz";0
