1204338821246128128;MONAHASHl;Tue Dec 10 09:55:25 +0000 2019;RT @doamuslims: An 11-year-old Muslim girl's #Hijab was ripped off by two teenagers (17 and 16) in a brutal Islamophobic attack in the Germ‚Ä¶;0
1204338743399866370;Si_G__;Tue Dec 10 09:55:06 +0000 2019;RT @ithrynluin1: @Si_G__ @183_jo @DVATW ‚úùÔ∏èüçÅüá∫üá∏‚ùå#World #PatriotsAwakened #WatOnChristians #Jews #ExMuslims #NonMuslim #Women #Slavery #StopCh‚Ä¶;0
1204338676756549632;khansultani45;Tue Dec 10 09:54:50 +0000 2019;RT @doamuslims: An 11-year-old Muslim girl's #Hijab was ripped off by two teenagers (17 and 16) in a brutal Islamophobic attack in the Germ‚Ä¶;0
1204338584712613889;sullentruth;Tue Dec 10 09:54:28 +0000 2019;RT @doamuslims: An 11-year-old Muslim girl's #Hijab was ripped off by two teenagers (17 and 16) in a brutal Islamophobic attack in the Germ‚Ä¶;0
1204338188753526784;RaeeAkram;Tue Dec 10 09:52:54 +0000 2019;RT @youdebunked: @WarWounded__ @Intellegencia1 @waqasshah50 @AZsafvi @Madeeat @KhanAmerKhan In other words, #Modi acceptance of interferenc‚Ä¶;0
1204338046717415424;igoenpsb;Tue Dec 10 09:52:20 +0000 2019;RT @erna_st: Muslim schoolgirl, 14, is too scared to leave her house after being choked with her own hijab and punched by woman shouting ra‚Ä¶;0
1204337905251930112;1385beac5b0741f;Tue Dec 10 09:51:46 +0000 2019;RT @MediaFactoryInl: A daring subject and its realistic depiction make #AFREEN a must-watch. The director Aashish Chanana has chosen to por‚Ä¶;0
1204337565169573889;RiffatMehmood9;Tue Dec 10 09:50:25 +0000 2019;RT @doamuslims: An 11-year-old Muslim girl's #Hijab was ripped off by two teenagers (17 and 16) in a brutal Islamophobic attack in the Germ‚Ä¶;0
1204337522609754113;TeguhPararuguh;Tue Dec 10 09:50:15 +0000 2019;"RT @doamuslims: Woman who 'strangled schoolgirl with her own #Hijab' let off with a caution

Redena Al-Hadi, 14, &amp; her sister Wida, 13 have‚Ä¶";0
1204337001908060165;ejajq21;Tue Dec 10 09:48:11 +0000 2019;RT @itsmejerrin: When foreign countries start rejecting Indian visas/citizenship based on religion, then only we would realize the deep shi‚Ä¶;0
1204337000951767040;itsallgonemad;Tue Dec 10 09:48:11 +0000 2019;"@KTHopkins I'm impressed Katie apart from one reply moaning at you for telling the truth there are no replies calling you a #Racist or a #Bigot or their trump card... accusing you of #Islamophobia!!!

What the hell?!?! üòÇüòÇüòÇ";0
1204336813973921793;sharifmadinah;Tue Dec 10 09:47:26 +0000 2019;RT @doamuslims: An 11-year-old Muslim girl's #Hijab was ripped off by two teenagers (17 and 16) in a brutal Islamophobic attack in the Germ‚Ä¶;0
1204336687016366080;Shahidhusain111;Tue Dec 10 09:46:56 +0000 2019;RT @doamuslims: An 11-year-old Muslim girl's #Hijab was ripped off by two teenagers (17 and 16) in a brutal Islamophobic attack in the Germ‚Ä¶;0
1204336543554555906;swilin_;Tue Dec 10 09:46:22 +0000 2019;RT @doamuslims: An 11-year-old Muslim girl's #Hijab was ripped off by two teenagers (17 and 16) in a brutal Islamophobic attack in the Germ‚Ä¶;0
1204336471798358016;MzemoNews;Tue Dec 10 09:46:05 +0000 2019;RT @MuslimCouncil: PRESS RELEASE: The MCB has written to @BBC Director General Tony Hall to raise its concerns about the lack of proportion‚Ä¶;0
1204336444015181824;itsmejerrin;Tue Dec 10 09:45:58 +0000 2019;When foreign countries start rejecting Indian visas/citizenship based on religion, then only we would realize the deep shit that we are doing by bringing in the Citizenship Amendment Bill. #CABAgainstConstitution  #IndiaRejectsCAB #IndiaAgainstCAB  #islamophobia;0
1204336355280592896;hameed_lashar;Tue Dec 10 09:45:37 +0000 2019;"RT @doamuslims: Woman who 'strangled schoolgirl with her own #Hijab' let off with a caution

Redena Al-Hadi, 14, &amp; her sister Wida, 13 have‚Ä¶";0
1204336217095057408;ummahfv_;Tue Dec 10 09:45:04 +0000 2019;RT @doamuslims: An 11-year-old Muslim girl's #Hijab was ripped off by two teenagers (17 and 16) in a brutal Islamophobic attack in the Germ‚Ä¶;0
1204336155686256641;cmwheatley56;Tue Dec 10 09:44:49 +0000 2019;RT @BeatriceLibDem: I am deeply worried about the rise of #antisemitism, #Islamophobia or any #racism - the only way forward is a zero tole‚Ä¶;0
1204336067844796416;umam_chaerul;Tue Dec 10 09:44:28 +0000 2019;RT @erna_st: Muslim schoolgirl, 14, is too scared to leave her house after being choked with her own hijab and punched by woman shouting ra‚Ä¶;0
1204335694119718914;andi_ryanda;Tue Dec 10 09:42:59 +0000 2019;RT @doamuslims: An 11-year-old Muslim girl's #Hijab was ripped off by two teenagers (17 and 16) in a brutal Islamophobic attack in the Germ‚Ä¶;0
1204335681616543744;azhari_rangguci;Tue Dec 10 09:42:56 +0000 2019;"RT @doamuslims: Woman who 'strangled schoolgirl with her own #Hijab' let off with a caution

Redena Al-Hadi, 14, &amp; her sister Wida, 13 have‚Ä¶";0
1204335566432718853;AtvKurulus;Tue Dec 10 09:42:29 +0000 2019;RT @doamuslims: An 11-year-old Muslim girl's #Hijab was ripped off by two teenagers (17 and 16) in a brutal Islamophobic attack in the Germ‚Ä¶;0
1204335283119898625;jiabsa;Tue Dec 10 09:41:21 +0000 2019;"RT @doamuslims: Woman who 'strangled schoolgirl with her own #Hijab' let off with a caution

Redena Al-Hadi, 14, &amp; her sister Wida, 13 have‚Ä¶";0
1204335192929796097;jasmevcebong;Tue Dec 10 09:41:00 +0000 2019;"RT @doamuslims: Woman who 'strangled schoolgirl with her own #Hijab' let off with a caution

Redena Al-Hadi, 14, &amp; her sister Wida, 13 have‚Ä¶";0
1204335166824439809;Ian30071;Tue Dec 10 09:40:53 +0000 2019;"RT @doamuslims: Woman who 'strangled schoolgirl with her own #Hijab' let off with a caution

Redena Al-Hadi, 14, &amp; her sister Wida, 13 have‚Ä¶";0
1204334917531787264;alfasiry1;Tue Dec 10 09:39:54 +0000 2019;RT @doamuslims: An 11-year-old Muslim girl's #Hijab was ripped off by two teenagers (17 and 16) in a brutal Islamophobic attack in the Germ‚Ä¶;0
1204334708772999168;qasimbo;Tue Dec 10 09:39:04 +0000 2019;"RT @doamuslims: Woman who 'strangled schoolgirl with her own #Hijab' let off with a caution

Redena Al-Hadi, 14, &amp; her sister Wida, 13 have‚Ä¶";0
1204334702498394113;1drahsanm;Tue Dec 10 09:39:03 +0000 2019;RT @MuslimCouncil: PRESS RELEASE: The MCB has written to @BBC Director General Tony Hall to raise its concerns about the lack of proportion‚Ä¶;0
1204334679240908800;Zamankhan02;Tue Dec 10 09:38:57 +0000 2019;RT @Emaan65503143: @DrHamza01 @UN @Me_AbdulR @Zamankhan02 @itsfarmankhan @Sanatkhan391 @Brave_Fatima @haxxxanawan @bellabajwaa @Duafa78 @Ma‚Ä¶;0
1204334436529127424;HE8RA;Tue Dec 10 09:37:59 +0000 2019;"RT @doamuslims: Woman who 'strangled schoolgirl with her own #Hijab' let off with a caution

Redena Al-Hadi, 14, &amp; her sister Wida, 13 have‚Ä¶";0
1204334379859922945;HE8RA;Tue Dec 10 09:37:46 +0000 2019;RT @doamuslims: An 11-year-old Muslim girl's #Hijab was ripped off by two teenagers (17 and 16) in a brutal Islamophobic attack in the Germ‚Ä¶;0
1204334343671312384;FerryIrwanto4;Tue Dec 10 09:37:37 +0000 2019;"RT @doamuslims: Woman who 'strangled schoolgirl with her own #Hijab' let off with a caution

Redena Al-Hadi, 14, &amp; her sister Wida, 13 have‚Ä¶";0
1204333989735129088;TahirNaqash;Tue Dec 10 09:36:13 +0000 2019;RT @MuslimCouncil: PRESS RELEASE: The MCB has written to @BBC Director General Tony Hall to raise its concerns about the lack of proportion‚Ä¶;0
1204333802639822849;SamKmuffin;Tue Dec 10 09:35:28 +0000 2019;RT @MuslimCouncil: PRESS RELEASE: The MCB has written to @BBC Director General Tony Hall to raise its concerns about the lack of proportion‚Ä¶;0
1204333649300201472;PakZ1nDabaD;Tue Dec 10 09:34:52 +0000 2019;RT @Mishaal12245313: An 11-year-old Muslim girl's #Hijab was ripped off by two teenagers (17 and 16) in a brutal Islamophobic attack in the‚Ä¶;0
1204333547659640833;mirzamaaaz;Tue Dec 10 09:34:27 +0000 2019;"RT @doamuslims: Woman who 'strangled schoolgirl with her own #Hijab' let off with a caution

Redena Al-Hadi, 14, &amp; her sister Wida, 13 have‚Ä¶";0
1204333162102427648;mirzamaaaz;Tue Dec 10 09:32:55 +0000 2019;RT @doamuslims: An 11-year-old Muslim girl's #Hijab was ripped off by two teenagers (17 and 16) in a brutal Islamophobic attack in the Germ‚Ä¶;0
1204332782576529413;SyukurAyub;Tue Dec 10 09:31:25 +0000 2019;RT @doamuslims: An 11-year-old Muslim girl's #Hijab was ripped off by two teenagers (17 and 16) in a brutal Islamophobic attack in the Germ‚Ä¶;0
1204332753484800000;02Abidzar;Tue Dec 10 09:31:18 +0000 2019;"RT @doamuslims: Woman who 'strangled schoolgirl with her own #Hijab' let off with a caution

Redena Al-Hadi, 14, &amp; her sister Wida, 13 have‚Ä¶";0
1204332647692062721;AzmyMohamed06;Tue Dec 10 09:30:53 +0000 2019;"RT @doamuslims: Woman who 'strangled schoolgirl with her own #Hijab' let off with a caution

Redena Al-Hadi, 14, &amp; her sister Wida, 13 have‚Ä¶";0
1204332562094669825;Mishaal12245313;Tue Dec 10 09:30:32 +0000 2019;"An 11-year-old Muslim girl's #Hijab was ripped off by two teenagers (17 and 16) in a brutal Islamophobic attack in the German Town Of #Sebnitz on Sunday.

She was kicked to the ground, held down, stomped on twice and was told ‚Äúgo back to your own country‚Äù.

#Germany #Islamophobia";0
1204332507988135936;minniethecat;Tue Dec 10 09:30:19 +0000 2019;RT @MuslimCouncil: PRESS RELEASE: The MCB has written to @BBC Director General Tony Hall to raise its concerns about the lack of proportion‚Ä¶;0
1204332211018682368;misslavender97;Tue Dec 10 09:29:09 +0000 2019;"RT @doamuslims: Woman who 'strangled schoolgirl with her own #Hijab' let off with a caution

Redena Al-Hadi, 14, &amp; her sister Wida, 13 have‚Ä¶";0
1204332180673105920;HassanJoudi_;Tue Dec 10 09:29:01 +0000 2019;RT @MuslimCouncil: PRESS RELEASE: The MCB has written to @BBC Director General Tony Hall to raise its concerns about the lack of proportion‚Ä¶;0
1204332078332104705;zzzeeedddd;Tue Dec 10 09:28:37 +0000 2019;RT @doamuslims: An 11-year-old Muslim girl's #Hijab was ripped off by two teenagers (17 and 16) in a brutal Islamophobic attack in the Germ‚Ä¶;0
1204331718490099712;adnzafar;Tue Dec 10 09:27:11 +0000 2019;"RT @doamuslims: Woman who 'strangled schoolgirl with her own #Hijab' let off with a caution

Redena Al-Hadi, 14, &amp; her sister Wida, 13 have‚Ä¶";0
1204331698269413381;Yamina18;Tue Dec 10 09:27:06 +0000 2019;RT @doamuslims: An 11-year-old Muslim girl's #Hijab was ripped off by two teenagers (17 and 16) in a brutal Islamophobic attack in the Germ‚Ä¶;0
1204331493612490753;__Interfaith__;Tue Dec 10 09:26:18 +0000 2019;@MuslimCouncil Muslim group says BBC has 'failed to sufficiently report on #Tory #Islamophobia' https://t.co/Z539MzImHL via @MetroUK;0
1204331396300304384;DekAndhina;Tue Dec 10 09:25:54 +0000 2019;RT @doamuslims: An 11-year-old Muslim girl's #Hijab was ripped off by two teenagers (17 and 16) in a brutal Islamophobic attack in the Germ‚Ä¶;0
1204331261977694208;Moolniwasi2;Tue Dec 10 09:25:22 +0000 2019;"RT @DalitOnLine: Ruling party slaughtered Human Rights on the eve of #HumanRightsDay when it passed Citizen Amendment Bill.

How could a pa‚Ä¶";0
1204331041730596864;waseemqadiri;Tue Dec 10 09:24:30 +0000 2019;RT @doamuslims: An 11-year-old Muslim girl's #Hijab was ripped off by two teenagers (17 and 16) in a brutal Islamophobic attack in the Germ‚Ä¶;0
1204330980187750400;AzmyMohamed06;Tue Dec 10 09:24:15 +0000 2019;RT @doamuslims: An 11-year-old Muslim girl's #Hijab was ripped off by two teenagers (17 and 16) in a brutal Islamophobic attack in the Germ‚Ä¶;0
1204330844434944001;70schild1;Tue Dec 10 09:23:43 +0000 2019;RT @MuslimCouncil: PRESS RELEASE: The MCB has written to @BBC Director General Tony Hall to raise its concerns about the lack of proportion‚Ä¶;0
1204330777875566593;fujumarji;Tue Dec 10 09:23:27 +0000 2019;"RT @doamuslims: Woman who 'strangled schoolgirl with her own #Hijab' let off with a caution

Redena Al-Hadi, 14, &amp; her sister Wida, 13 have‚Ä¶";0
1204330699752452097;JohnTyl94282125;Tue Dec 10 09:23:08 +0000 2019;"RT @johncoxonmedia: #Election #Labour &amp; @jeremycorbyn anti- #Israel 's apartheid abuse of #Palestinian human rights  not Anti-Jew.  #Johnso‚Ä¶";0
1204330322642518017;mrmrf8;Tue Dec 10 09:21:38 +0000 2019;RT @MuslimCouncil: PRESS RELEASE: The MCB has written to @BBC Director General Tony Hall to raise its concerns about the lack of proportion‚Ä¶;0
1204330184331145217;EdN54620159;Tue Dec 10 09:21:05 +0000 2019;RT @MuslimCouncil: PRESS RELEASE: The MCB has written to @BBC Director General Tony Hall to raise its concerns about the lack of proportion‚Ä¶;0
1204329877006102528;johncoxonmedia;Tue Dec 10 09:19:52 +0000 2019;"#Election #Labour &amp; @jeremycorbyn anti- #Israel 's apartheid abuse of #Palestinian human rights  not Anti-Jew.  #Johnson proven  racist  #islamophobe &amp; faux patriotism #islamophobia  in his &amp; all far right #Tory genes.  - here's just 10 of them outed #LBC  https://t.co/VCRXPROQHN";0
1204329717203177472;ShropsFidgetpie;Tue Dec 10 09:19:14 +0000 2019;RT @MuslimCouncil: PRESS RELEASE: The MCB has written to @BBC Director General Tony Hall to raise its concerns about the lack of proportion‚Ä¶;0
1204329648630333440;mayafarrell21;Tue Dec 10 09:18:58 +0000 2019;RT @doamuslims: An 11-year-old Muslim girl's #Hijab was ripped off by two teenagers (17 and 16) in a brutal Islamophobic attack in the Germ‚Ä¶;0
1204329627470254080;MuslimCouncil;Tue Dec 10 09:18:53 +0000 2019;"PRESS RELEASE: The MCB has written to @BBC Director General Tony Hall to raise its concerns about the lack of proportionate coverage of the Conservative Party‚Äôs institutional #Islamophobia.

#GE2019 #Purdah #MuslimsVote 

https://t.co/1SYjsttuhm";0
1204329128863895552;ShaunnaRushton;Tue Dec 10 09:16:54 +0000 2019;RT @AhlyahAli: üá¨üáß UK: I fear what we will face unless we vote #ToriesOut on 12 Dec. We have a chance to change üåçüî• by electing a leader @jer‚Ä¶;0
1204328962442305537;khas01;Tue Dec 10 09:16:14 +0000 2019;RT @doamuslims: An 11-year-old Muslim girl's #Hijab was ripped off by two teenagers (17 and 16) in a brutal Islamophobic attack in the Germ‚Ä¶;0
1204328526616248320;roon3651;Tue Dec 10 09:14:30 +0000 2019;RT @erna_st: Muslim schoolgirl, 14, is too scared to leave her house after being choked with her own hijab and punched by woman shouting ra‚Ä¶;0
1204328313109516289;sofiane_almani;Tue Dec 10 09:13:39 +0000 2019;"RT @doamuslims: Woman who 'strangled schoolgirl with her own #Hijab' let off with a caution

Redena Al-Hadi, 14, &amp; her sister Wida, 13 have‚Ä¶";0
1204328095735521280;sofiane_almani;Tue Dec 10 09:12:48 +0000 2019;RT @doamuslims: An 11-year-old Muslim girl's #Hijab was ripped off by two teenagers (17 and 16) in a brutal Islamophobic attack in the Germ‚Ä¶;0
1204327991955873792;fzn733;Tue Dec 10 09:12:23 +0000 2019;RT @doamuslims: An 11-year-old Muslim girl's #Hijab was ripped off by two teenagers (17 and 16) in a brutal Islamophobic attack in the Germ‚Ä¶;0
1204327830919798784;Kashif89Kashif;Tue Dec 10 09:11:44 +0000 2019;RT @doamuslims: An 11-year-old Muslim girl's #Hijab was ripped off by two teenagers (17 and 16) in a brutal Islamophobic attack in the Germ‚Ä¶;0
1204327764435832835;arxaaaa;Tue Dec 10 09:11:29 +0000 2019;"RT @doamuslims: Woman who 'strangled schoolgirl with her own #Hijab' let off with a caution

Redena Al-Hadi, 14, &amp; her sister Wida, 13 have‚Ä¶";0
1204327618348109825;zawmalik;Tue Dec 10 09:10:54 +0000 2019;RT @doamuslims: An 11-year-old Muslim girl's #Hijab was ripped off by two teenagers (17 and 16) in a brutal Islamophobic attack in the Germ‚Ä¶;0
1204327564052979714;mehdi_greves2;Tue Dec 10 09:10:41 +0000 2019;RT @doamuslims: An 11-year-old Muslim girl's #Hijab was ripped off by two teenagers (17 and 16) in a brutal Islamophobic attack in the Germ‚Ä¶;0
1204327495958437889;youdebunked;Tue Dec 10 09:10:25 +0000 2019;"@SRestoftheworld @dahrinoor2 @ITCTofficial Seems like no one has read #Mahabharata cover to cover with #Ideology double the verses of killings than allegedly in #Quran in fact cousins killing cousins prescribing current #Hindu #Terrorism in #India in #RSS #BJP form 

#Islamophobia 
#Money";0
1204327212947783680;rizwan_tahir_;Tue Dec 10 09:09:17 +0000 2019;RT @doamuslims: An 11-year-old Muslim girl's #Hijab was ripped off by two teenagers (17 and 16) in a brutal Islamophobic attack in the Germ‚Ä¶;0
1204327106508754944;i_m_osama;Tue Dec 10 09:08:52 +0000 2019;RT @doamuslims: An 11-year-old Muslim girl's #Hijab was ripped off by two teenagers (17 and 16) in a brutal Islamophobic attack in the Germ‚Ä¶;0
1204327074070052864;candraatmaja;Tue Dec 10 09:08:44 +0000 2019;RT @doamuslims: An 11-year-old Muslim girl's #Hijab was ripped off by two teenagers (17 and 16) in a brutal Islamophobic attack in the Germ‚Ä¶;0
1204326926250176513;thenextuniter;Tue Dec 10 09:08:09 +0000 2019;"RT @Itssumitjain: After Demolishing Temple, churches.. muslims are behind your graves. 
If you are alive, they will try to kill you. 
If yo‚Ä¶";0
1204326745232592897;RHumunoid;Tue Dec 10 09:07:26 +0000 2019;"RT @doamuslims: Woman who 'strangled schoolgirl with her own #Hijab' let off with a caution

Redena Al-Hadi, 14, &amp; her sister Wida, 13 have‚Ä¶";0
1204326678438141952;MACPHISTOISME;Tue Dec 10 09:07:10 +0000 2019;"RT @doamuslims: Woman who 'strangled schoolgirl with her own #Hijab' let off with a caution

Redena Al-Hadi, 14, &amp; her sister Wida, 13 have‚Ä¶";0
1204326558011396096;SaidBitomwa;Tue Dec 10 09:06:41 +0000 2019;RT @doamuslims: An 11-year-old Muslim girl's #Hijab was ripped off by two teenagers (17 and 16) in a brutal Islamophobic attack in the Germ‚Ä¶;0
1204325947610193920;abdul_salam_;Tue Dec 10 09:04:15 +0000 2019;"RT @doamuslims: Woman who 'strangled schoolgirl with her own #Hijab' let off with a caution

Redena Al-Hadi, 14, &amp; her sister Wida, 13 have‚Ä¶";0
1204325500304449541;mereabyss;Tue Dec 10 09:02:29 +0000 2019;RT @doamuslims: An 11-year-old Muslim girl's #Hijab was ripped off by two teenagers (17 and 16) in a brutal Islamophobic attack in the Germ‚Ä¶;0
1204325351326994433;PlanB03012009;Tue Dec 10 09:01:53 +0000 2019;"Yeah, unleash more #racisim #discrimination #taxevasion #islamophobia #zionistgenocidesupport #NHSPrivatisation #NHSCrisis  üëçüëçüëç under #ConservativeCrooks 

#GE2019 https://t.co/ybXbWOk5rN";0
1204325008388055041;davidking732;Tue Dec 10 09:00:31 +0000 2019;RT @BeatriceLibDem: I am deeply worried about the rise of #antisemitism, #Islamophobia or any #racism - the only way forward is a zero tole‚Ä¶;0
1204324808529338368;khaloodii2019;Tue Dec 10 08:59:44 +0000 2019;RT @doamuslims: An 11-year-old Muslim girl's #Hijab was ripped off by two teenagers (17 and 16) in a brutal Islamophobic attack in the Germ‚Ä¶;0
1204324658042097664;NichtOhne1;Tue Dec 10 08:59:08 +0000 2019;RT @doamuslims: An 11-year-old Muslim girl's #Hijab was ripped off by two teenagers (17 and 16) in a brutal Islamophobic attack in the Germ‚Ä¶;0
1204324581021872128;diponegros;Tue Dec 10 08:58:50 +0000 2019;RT @doamuslims: An 11-year-old Muslim girl's #Hijab was ripped off by two teenagers (17 and 16) in a brutal Islamophobic attack in the Germ‚Ä¶;0
1204324415837597697;maldivianess;Tue Dec 10 08:58:10 +0000 2019;RT @doamuslims: An 11-year-old Muslim girl's #Hijab was ripped off by two teenagers (17 and 16) in a brutal Islamophobic attack in the Germ‚Ä¶;0
1204324412088033281;BeatriceLibDem;Tue Dec 10 08:58:09 +0000 2019;"I am deeply worried about the rise of #antisemitism, #Islamophobia or any #racism - the only way forward is a zero tolerance approach. The #LibDems will always fight for #equality. 
#VoteLibDem #GE2019 #GeneralElection2019 https://t.co/JvPUSnVqgX";0
1204324387048042496;mehmet_san2;Tue Dec 10 08:58:03 +0000 2019;RT @doamuslims: An 11-year-old Muslim girl's #Hijab was ripped off by two teenagers (17 and 16) in a brutal Islamophobic attack in the Germ‚Ä¶;0
1204323762155311104;maldivianess;Tue Dec 10 08:55:34 +0000 2019;"RT @doamuslims: Woman who 'strangled schoolgirl with her own #Hijab' let off with a caution

Redena Al-Hadi, 14, &amp; her sister Wida, 13 have‚Ä¶";0
1204323522497015808;payalknows;Tue Dec 10 08:54:37 +0000 2019;"@ImranKhanPTI Also, before you start calling it "" #Islamophobia "" , please note , muslims are safe , and a majority in these nations. They don't need our help. Well, unless, their own nation is not capable enough of lifting them up, In which case, it's none of OUR PROBLEM.";0
1204323509285130246;100glitterstars;Tue Dec 10 08:54:34 +0000 2019;Muslim group says BBC has 'failed to sufficiently report on Tory Islamophobia' @BrandonLewis @SayeedaWarsi #Islamophobia @MuslimCouncil #brexit #GE2019 @ayeshahazareka @jamescleverly @adamboultonsky @uklabour @conservatives @everyday_racism https://t.co/suY9jMz1zJ via @MetroUK;0
1204322789508841472;RiqyaMaharani;Tue Dec 10 08:51:42 +0000 2019;"RT @doamuslims: Woman who 'strangled schoolgirl with her own #Hijab' let off with a caution

Redena Al-Hadi, 14, &amp; her sister Wida, 13 have‚Ä¶";0
1204322752825573377;ibnetahir_95;Tue Dec 10 08:51:34 +0000 2019;RT @doamuslims: An 11-year-old Muslim girl's #Hijab was ripped off by two teenagers (17 and 16) in a brutal Islamophobic attack in the Germ‚Ä¶;0
1204322711461388288;youdebunked;Tue Dec 10 08:51:24 +0000 2019;"@WarWounded__ @Intellegencia1 @waqasshah50 @AZsafvi @Madeeat @KhanAmerKhan In other words, #Modi acceptance of interference into #Pakistan‚Äôs internal matter 

#Anti #Pakistan 
#Islamophobia";0
1204322711461388288;youdebunked;Tue Dec 10 08:51:24 +0000 2019;"@WarWounded__ @Intellegencia1 @waqasshah50 @AZsafvi @Madeeat @KhanAmerKhan In other words, #Modi acceptance of interference into #Pakistan‚Äôs internal matter 

#Anti #Pakistan 
#Islamophobia";0
1204322622600884224;ZR786;Tue Dec 10 08:51:03 +0000 2019;You need to do something about #islamophobia, NHS, welfare, education , class sizes are too big build council homes! https://t.co/ztZqT91MSG;0
1204322000254062593;a_manluv;Tue Dec 10 08:48:34 +0000 2019;RT @doamuslims: An 11-year-old Muslim girl's #Hijab was ripped off by two teenagers (17 and 16) in a brutal Islamophobic attack in the Germ‚Ä¶;0
1204321990657658880;NetworksIslamic;Tue Dec 10 08:48:32 +0000 2019;"1/3
#islamicintelligence
Source : https://t.co/t90gX4szLE
#uk #brexit #civilwar #islamophobia #nrbcattacks

Johnson is an American citizen and is descended from a rabbi.";0
1204321990657658880;NetworksIslamic;Tue Dec 10 08:48:32 +0000 2019;"1/3
#islamicintelligence
Source : https://t.co/t90gX4szLE
#uk #brexit #civilwar #islamophobia #nrbcattacks

Johnson is an American citizen and is descended from a rabbi.";0
1204321704148897792;AncientAONMS;Tue Dec 10 08:47:24 +0000 2019;RT @doamuslims: An 11-year-old Muslim girl's #Hijab was ripped off by two teenagers (17 and 16) in a brutal Islamophobic attack in the Germ‚Ä¶;0
1204321676701265920;hakimblue99;Tue Dec 10 08:47:17 +0000 2019;RT @doamuslims: An 11-year-old Muslim girl's #Hijab was ripped off by two teenagers (17 and 16) in a brutal Islamophobic attack in the Germ‚Ä¶;0
1204321525521883137;Jacson51673864;Tue Dec 10 08:46:41 +0000 2019;RT @doamuslims: An 11-year-old Muslim girl's #Hijab was ripped off by two teenagers (17 and 16) in a brutal Islamophobic attack in the Germ‚Ä¶;0
1204321151226437633;FaalYafrahu;Tue Dec 10 08:45:12 +0000 2019;RT @doamuslims: An 11-year-old Muslim girl's #Hijab was ripped off by two teenagers (17 and 16) in a brutal Islamophobic attack in the Germ‚Ä¶;0
1204321059916406784;fagolbeta1;Tue Dec 10 08:44:50 +0000 2019;"RT @doamuslims: Woman who 'strangled schoolgirl with her own #Hijab' let off with a caution

Redena Al-Hadi, 14, &amp; her sister Wida, 13 have‚Ä¶";0
1204320965951475713;FaalYafrahu;Tue Dec 10 08:44:28 +0000 2019;"RT @doamuslims: Woman who 'strangled schoolgirl with her own #Hijab' let off with a caution

Redena Al-Hadi, 14, &amp; her sister Wida, 13 have‚Ä¶";0
1204320954840539141;Fathur4521;Tue Dec 10 08:44:25 +0000 2019;RT @erna_st: Muslim schoolgirl, 14, is too scared to leave her house after being choked with her own hijab and punched by woman shouting ra‚Ä¶;0
1204320880727379968;udatauhid;Tue Dec 10 08:44:07 +0000 2019;"RT @doamuslims: Woman who 'strangled schoolgirl with her own #Hijab' let off with a caution

Redena Al-Hadi, 14, &amp; her sister Wida, 13 have‚Ä¶";0
1204320873676713984;AhlyahAli;Tue Dec 10 08:44:06 +0000 2019;RT @AhlyahAli: üá¨üáß UK: I fear what we will face unless we vote #ToriesOut on 12 Dec. We have a chance to change üåçüî• by electing a leader @jer‚Ä¶;0
1204320842655641600;AhlyahAli;Tue Dec 10 08:43:58 +0000 2019;"RT @AhlyahAli: üá¨üáß UK: Is this what you will vote for?
There are *2 million* Muslims registered to vote for #GE2019. Yes, we are the ""proble‚Ä¶";0
1204320619803926528;sapulebu99;Tue Dec 10 08:43:05 +0000 2019;"RT @doamuslims: Woman who 'strangled schoolgirl with her own #Hijab' let off with a caution

Redena Al-Hadi, 14, &amp; her sister Wida, 13 have‚Ä¶";0
1204320610639372289;kuscubasi5;Tue Dec 10 08:43:03 +0000 2019;RT @doamuslims: An 11-year-old Muslim girl's #Hijab was ripped off by two teenagers (17 and 16) in a brutal Islamophobic attack in the Germ‚Ä¶;0
1204320388953436160;nafeul_md;Tue Dec 10 08:42:10 +0000 2019;RT @doamuslims: An 11-year-old Muslim girl's #Hijab was ripped off by two teenagers (17 and 16) in a brutal Islamophobic attack in the Germ‚Ä¶;0
1204320207369424897;AlFatih24678932;Tue Dec 10 08:41:27 +0000 2019;"RT @doamuslims: Woman who 'strangled schoolgirl with her own #Hijab' let off with a caution

Redena Al-Hadi, 14, &amp; her sister Wida, 13 have‚Ä¶";0
1204319800274513920;this_is_mohsin;Tue Dec 10 08:39:50 +0000 2019;RT @doamuslims: An 11-year-old Muslim girl's #Hijab was ripped off by two teenagers (17 and 16) in a brutal Islamophobic attack in the Germ‚Ä¶;0
1204319773560954881;royheartlovers;Tue Dec 10 08:39:43 +0000 2019;RT @doamuslims: An 11-year-old Muslim girl's #Hijab was ripped off by two teenagers (17 and 16) in a brutal Islamophobic attack in the Germ‚Ä¶;0
1204319766720081920;harrysuke;Tue Dec 10 08:39:42 +0000 2019;RT @doamuslims: An 11-year-old Muslim girl's #Hijab was ripped off by two teenagers (17 and 16) in a brutal Islamophobic attack in the Germ‚Ä¶;0
1204319258974359552;Imperfect_soul0;Tue Dec 10 08:37:41 +0000 2019;RT @doamuslims: An 11-year-old Muslim girl's #Hijab was ripped off by two teenagers (17 and 16) in a brutal Islamophobic attack in the Germ‚Ä¶;0
1204318965041967104;MohammedAkhtar_;Tue Dec 10 08:36:31 +0000 2019;RT @doamuslims: An 11-year-old Muslim girl's #Hijab was ripped off by two teenagers (17 and 16) in a brutal Islamophobic attack in the Germ‚Ä¶;0
1204318948851884033;arifduniya1;Tue Dec 10 08:36:27 +0000 2019;"RT @doamuslims: Woman who 'strangled schoolgirl with her own #Hijab' let off with a caution

Redena Al-Hadi, 14, &amp; her sister Wida, 13 have‚Ä¶";0
1204318807461810176;jack_bidexs;Tue Dec 10 08:35:53 +0000 2019;"RT @doamuslims: Woman who 'strangled schoolgirl with her own #Hijab' let off with a caution

Redena Al-Hadi, 14, &amp; her sister Wida, 13 have‚Ä¶";0
1204318796909076481;Noj0285;Tue Dec 10 08:35:51 +0000 2019;"RT @Emran29902311: @IanAustin1965 Meanwhile Ian Austin wants people to vote for @BorisJohnson, a known Racist, Bigot and Antisemite.

#GE20‚Ä¶";0
1204318637533716480;LaelaAmien;Tue Dec 10 08:35:13 +0000 2019;"RT @doamuslims: Woman who 'strangled schoolgirl with her own #Hijab' let off with a caution

Redena Al-Hadi, 14, &amp; her sister Wida, 13 have‚Ä¶";0
1204318540938895360;WandhiWiL;Tue Dec 10 08:34:49 +0000 2019;"RT @doamuslims: Woman who 'strangled schoolgirl with her own #Hijab' let off with a caution

Redena Al-Hadi, 14, &amp; her sister Wida, 13 have‚Ä¶";0
1204318481455427585;MALHACHIMI;Tue Dec 10 08:34:35 +0000 2019;"RT @MALHACHIMI: Do not oppress anyone from God's creation.
Treat others as you like to be treated.
One of the most wonderful deeds in the r‚Ä¶";0
1204318450568482816;arrovredo;Tue Dec 10 08:34:28 +0000 2019;"RT @doamuslims: Woman who 'strangled schoolgirl with her own #Hijab' let off with a caution

Redena Al-Hadi, 14, &amp; her sister Wida, 13 have‚Ä¶";0
1204318014449033217;ZaheerAhmedMA1;Tue Dec 10 08:32:44 +0000 2019;RT @doamuslims: An 11-year-old Muslim girl's #Hijab was ripped off by two teenagers (17 and 16) in a brutal Islamophobic attack in the Germ‚Ä¶;0
1204317980458278912;SerenityIdyllic;Tue Dec 10 08:32:36 +0000 2019;RT @doamuslims: An 11-year-old Muslim girl's #Hijab was ripped off by two teenagers (17 and 16) in a brutal Islamophobic attack in the Germ‚Ä¶;0
1204317773041524736;ARahmansyah79;Tue Dec 10 08:31:46 +0000 2019;RT @erna_st: Muslim schoolgirl, 14, is too scared to leave her house after being choked with her own hijab and punched by woman shouting ra‚Ä¶;0
1204317544431149057;AdanAdaar;Tue Dec 10 08:30:52 +0000 2019;RT @doamuslims: An 11-year-old Muslim girl's #Hijab was ripped off by two teenagers (17 and 16) in a brutal Islamophobic attack in the Germ‚Ä¶;0
1204317437186887680;asshimah;Tue Dec 10 08:30:26 +0000 2019;RT @doamuslims: An 11-year-old Muslim girl's #Hijab was ripped off by two teenagers (17 and 16) in a brutal Islamophobic attack in the Germ‚Ä¶;0
1204317388193304576;naveedulmustafa;Tue Dec 10 08:30:15 +0000 2019;RT @doamuslims: An 11-year-old Muslim girl's #Hijab was ripped off by two teenagers (17 and 16) in a brutal Islamophobic attack in the Germ‚Ä¶;0
1204317295595655169;ibvxoisviz;Tue Dec 10 08:29:53 +0000 2019;RT @doamuslims: An 11-year-old Muslim girl's #Hijab was ripped off by two teenagers (17 and 16) in a brutal Islamophobic attack in the Germ‚Ä¶;0
1204317264889159681;amzurd;Tue Dec 10 08:29:45 +0000 2019;RT @doamuslims: An 11-year-old Muslim girl's #Hijab was ripped off by two teenagers (17 and 16) in a brutal Islamophobic attack in the Germ‚Ä¶;0
1204317262607335424;thatonegirlpalo;Tue Dec 10 08:29:45 +0000 2019;"RT @doamuslims: Woman who 'strangled schoolgirl with her own #Hijab' let off with a caution

Redena Al-Hadi, 14, &amp; her sister Wida, 13 have‚Ä¶";0
1204316920549462016;zunatho;Tue Dec 10 08:28:23 +0000 2019;RT @doamuslims: An 11-year-old Muslim girl's #Hijab was ripped off by two teenagers (17 and 16) in a brutal Islamophobic attack in the Germ‚Ä¶;0
1204316805566586883;lysnlu;Tue Dec 10 08:27:56 +0000 2019;RT @doamuslims: An 11-year-old Muslim girl's #Hijab was ripped off by two teenagers (17 and 16) in a brutal Islamophobic attack in the Germ‚Ä¶;0
1204316732338376704;sabs_xc;Tue Dec 10 08:27:38 +0000 2019;"RT @doamuslims: Woman who 'strangled schoolgirl with her own #Hijab' let off with a caution

Redena Al-Hadi, 14, &amp; her sister Wida, 13 have‚Ä¶";0
1204316672724619264;ifalrizali;Tue Dec 10 08:27:24 +0000 2019;RT @doamuslims: An 11-year-old Muslim girl's #Hijab was ripped off by two teenagers (17 and 16) in a brutal Islamophobic attack in the Germ‚Ä¶;0
1204316586548457473;budiwa;Tue Dec 10 08:27:04 +0000 2019;RT @doamuslims: An 11-year-old Muslim girl's #Hijab was ripped off by two teenagers (17 and 16) in a brutal Islamophobic attack in the Germ‚Ä¶;0
1204316499583864832;whoareyou8889;Tue Dec 10 08:26:43 +0000 2019;RT @doamuslims: An 11-year-old Muslim girl's #Hijab was ripped off by two teenagers (17 and 16) in a brutal Islamophobic attack in the Germ‚Ä¶;0
1204316470479654912;nomad_islamist;Tue Dec 10 08:26:36 +0000 2019;RT @doamuslims: An 11-year-old Muslim girl's #Hijab was ripped off by two teenagers (17 and 16) in a brutal Islamophobic attack in the Germ‚Ä¶;0
1204316322877698048;gsjosan;Tue Dec 10 08:26:01 +0000 2019;RT @ReformMovement: Here‚Äôs the video everyone‚Äôs talking about - @LauraJanklaus and @QariAsim set out a road map to tackle the toxicity of #‚Ä¶;0
1204316225712594944;adnzafar;Tue Dec 10 08:25:37 +0000 2019;RT @doamuslims: An 11-year-old Muslim girl's #Hijab was ripped off by two teenagers (17 and 16) in a brutal Islamophobic attack in the Germ‚Ä¶;0
1204316202593587200;e686088b3a60456;Tue Dec 10 08:25:32 +0000 2019;"RT @doamuslims: Woman who 'strangled schoolgirl with her own #Hijab' let off with a caution

Redena Al-Hadi, 14, &amp; her sister Wida, 13 have‚Ä¶";0
1204316152815484936;attari6018;Tue Dec 10 08:25:20 +0000 2019;RT @doamuslims: An 11-year-old Muslim girl's #Hijab was ripped off by two teenagers (17 and 16) in a brutal Islamophobic attack in the Germ‚Ä¶;0
1204316111405223937;alsiraat;Tue Dec 10 08:25:10 +0000 2019;RT @doamuslims: An 11-year-old Muslim girl's #Hijab was ripped off by two teenagers (17 and 16) in a brutal Islamophobic attack in the Germ‚Ä¶;0
1204316067130204160;ZahidDOAM;Tue Dec 10 08:25:00 +0000 2019;RT @doamuslims: An 11-year-old Muslim girl's #Hijab was ripped off by two teenagers (17 and 16) in a brutal Islamophobic attack in the Germ‚Ä¶;0
1204316052244639746;doamuslims;Tue Dec 10 08:24:56 +0000 2019;"An 11-year-old Muslim girl's #Hijab was ripped off by two teenagers (17 and 16) in a brutal Islamophobic attack in the German Town Of #Sebnitz on Sunday.

She was kicked to the ground, held down, stomped on twice &amp; was told ‚Äúgo back to your own country‚Äù.

#Germany #Islamophobia https://t.co/aVAFrBY3pX";0
1204315420687093760;MoeisFirman;Tue Dec 10 08:22:26 +0000 2019;RT @erna_st: Muslim schoolgirl, 14, is too scared to leave her house after being choked with her own hijab and punched by woman shouting ra‚Ä¶;0
1204315102503227394;AWebbReilly;Tue Dec 10 08:21:10 +0000 2019;I can barely believe what I'm reading, from today's #dailymail Yes, I have. She is a Muslim born in Warrington.  Touch of #Islamophobia? #Atiyah #Islamophobic https://t.co/HCchjeeQur;0
1204314514662940675;NKRIndonesia79;Tue Dec 10 08:18:50 +0000 2019;"RT @doamuslims: Woman who 'strangled schoolgirl with her own #Hijab' let off with a caution

Redena Al-Hadi, 14, &amp; her sister Wida, 13 have‚Ä¶";0
1204314187016458240;igayunda;Tue Dec 10 08:17:31 +0000 2019;"RT @doamuslims: Woman who 'strangled schoolgirl with her own #Hijab' let off with a caution

Redena Al-Hadi, 14, &amp; her sister Wida, 13 have‚Ä¶";0
1204313612472291329;BohongJarang;Tue Dec 10 08:15:14 +0000 2019;"RT @doamuslims: Woman who 'strangled schoolgirl with her own #Hijab' let off with a caution

Redena Al-Hadi, 14, &amp; her sister Wida, 13 have‚Ä¶";0
1204313507799425025;ahmedversi;Tue Dec 10 08:14:49 +0000 2019;#India‚Äôs lower house of parliament passed contentious Citizenship Amendment Bill. #Citizenship would be granted to #Hindus, #Buddhists, #Sikhs, #Jains, #Parsis, but not #Muslims. #Islamophobia #minorities #discrimination #CitizenAmendmentBill;0
1204313472466669569;Manny_Arif;Tue Dec 10 08:14:41 +0000 2019;"RT @doamuslims: Woman who 'strangled schoolgirl with her own #Hijab' let off with a caution

Redena Al-Hadi, 14, &amp; her sister Wida, 13 have‚Ä¶";0
1204313130538590209;randismail07;Tue Dec 10 08:13:20 +0000 2019;"RT @doamuslims: Woman who 'strangled schoolgirl with her own #Hijab' let off with a caution

Redena Al-Hadi, 14, &amp; her sister Wida, 13 have‚Ä¶";0
1204313125157142528;bspopenoffice;Tue Dec 10 08:13:18 +0000 2019;"RT @doamuslims: Woman who 'strangled schoolgirl with her own #Hijab' let off with a caution

Redena Al-Hadi, 14, &amp; her sister Wida, 13 have‚Ä¶";0
1204312505494802433;APilih02;Tue Dec 10 08:10:51 +0000 2019;"RT @doamuslims: Woman who 'strangled schoolgirl with her own #Hijab' let off with a caution

Redena Al-Hadi, 14, &amp; her sister Wida, 13 have‚Ä¶";0
1204312221834043394;Mdanishadv;Tue Dec 10 08:09:43 +0000 2019;@KhaledBeydoun This is a country obsessed with #Islamophobia because people know that Islam is the truthüëç;0
1204312208458436608;jvdas_iskariot;Tue Dec 10 08:09:40 +0000 2019;"RT @doamuslims: Woman who 'strangled schoolgirl with her own #Hijab' let off with a caution

Redena Al-Hadi, 14, &amp; her sister Wida, 13 have‚Ä¶";0
1204311505639895042;NisaAkmal3;Tue Dec 10 08:06:52 +0000 2019;"RT @doamuslims: Female Muslim students in #Hijab were prevented from entering Fenghuang middle school of #Sanya city on Nov 24, 2019. 

Som‚Ä¶";0
1204310408300916736;twitoing;Tue Dec 10 08:02:31 +0000 2019;RT @erna_st: Muslim schoolgirl, 14, is too scared to leave her house after being choked with her own hijab and punched by woman shouting ra‚Ä¶;0
1204310235978063872;Sairajatt11;Tue Dec 10 08:01:49 +0000 2019;"RT @doamuslims: Woman who 'strangled schoolgirl with her own #Hijab' let off with a caution

Redena Al-Hadi, 14, &amp; her sister Wida, 13 have‚Ä¶";0
1204310127412535297;inu_ratih1;Tue Dec 10 08:01:24 +0000 2019;RT @erna_st: Muslim schoolgirl, 14, is too scared to leave her house after being choked with her own hijab and punched by woman shouting ra‚Ä¶;0
1204309941835595777;fadli_thekop;Tue Dec 10 08:00:39 +0000 2019;"RT @doamuslims: Woman who 'strangled schoolgirl with her own #Hijab' let off with a caution

Redena Al-Hadi, 14, &amp; her sister Wida, 13 have‚Ä¶";0
1204308565319544833;tofatofu44;Tue Dec 10 07:55:11 +0000 2019;"RT @doamuslims: Woman who 'strangled schoolgirl with her own #Hijab' let off with a caution

Redena Al-Hadi, 14, &amp; her sister Wida, 13 have‚Ä¶";0
1204306896892637187;Rabbi_Debbie;Tue Dec 10 07:48:33 +0000 2019;RT @ReformMovement: Here‚Äôs the video everyone‚Äôs talking about - @LauraJanklaus and @QariAsim set out a road map to tackle the toxicity of #‚Ä¶;0
1204306655908900864;aishaluxe;Tue Dec 10 07:47:36 +0000 2019;"RT @doamuslims: Woman who 'strangled schoolgirl with her own #Hijab' let off with a caution

Redena Al-Hadi, 14, &amp; her sister Wida, 13 have‚Ä¶";0
1204306560018767873;KevinOnEarth;Tue Dec 10 07:47:13 +0000 2019;"@branxw69 @KhaledBeydoun And those who target particular races or religions for hate &amp; intolerance are closer to that level than their victims are. 
So if there is any relationship between #terrorism &amp; #Islamophobia, it is that they are both on the *same* side of the scale.";0
1204305997793124352;SabrinFarooqui;Tue Dec 10 07:44:59 +0000 2019;"Let us not give in to those who would want to see us irreparably and dangerously divided
 #NoToRacism #Islamophobia https://t.co/gS4ipIFXTz";0
1204305835725410304;Emaan65503143;Tue Dec 10 07:44:20 +0000 2019;"@DrHamza01 @UN @Me_AbdulR @Zamankhan02 @itsfarmankhan @Sanatkhan391 @Brave_Fatima @haxxxanawan @bellabajwaa @Duafa78 @Mahrukh07_ What we can expect from these so called humanitarians @UN nothing they sitting back and watching the humanity dying all around the world wherever the Muslims lives !!!!
It's not a humanitarian issue it's #Islamophobia no1 can help us until/unless we step forward to fight against";0
1204305766548738048;LeftWingLadies;Tue Dec 10 07:44:04 +0000 2019;Muslim group says BBC has 'failed to sufficiently report on Tory Islamophobia' https://t.co/xPuK9zgwju via @MetroUK #BBCbias #ToryLies #Islamophobia #GE2019;0
1204304563110645760;mirakamdar;Tue Dec 10 07:39:17 +0000 2019;Wine, cheese, fashion ... and #Islamophobia : #France‚Äôs shameful export, by ‚Å¶@RokhayaDiallo‚Å©  https://t.co/azGMvanxMd;0
1204304536439001089;mayathekittie;Tue Dec 10 07:39:11 +0000 2019;"In Macron's France a mayor has expelled a kid from the school canteen cuz he didnt want to eat meat which the mayor thinks is a religious thing to do and expression of religion is forbidden at school... Guess the kid's religion. 
@BBCWorld @BBCNews @cnni @DasErste 
#Islamophobia https://t.co/mESJzQDNPT";0
1204303420376731648;Sarip_oyong;Tue Dec 10 07:34:44 +0000 2019;"RT @doamuslims: Woman who 'strangled schoolgirl with her own #Hijab' let off with a caution

Redena Al-Hadi, 14, &amp; her sister Wida, 13 have‚Ä¶";0
1204302890505920513;ummuhannah10;Tue Dec 10 07:32:38 +0000 2019;RT @toddhgreen: What you should know about India's 'anti-Muslim' citizenship bill #Islamophobia https://t.co/6wV9qUze0M;0
1204302791918813185;YeanHDe;Tue Dec 10 07:32:15 +0000 2019;"RT @doamuslims: Woman who 'strangled schoolgirl with her own #Hijab' let off with a caution

Redena Al-Hadi, 14, &amp; her sister Wida, 13 have‚Ä¶";0
1204301519685734401;Hamjawi1;Tue Dec 10 07:27:11 +0000 2019;RT @erna_st: Muslim schoolgirl, 14, is too scared to leave her house after being choked with her own hijab and punched by woman shouting ra‚Ä¶;0
1204301435665555456;KevinOnEarth;Tue Dec 10 07:26:51 +0000 2019;"@branxw69 @KhaledBeydoun What is god &amp; religion if not a racist ideology? None of them have a sane rationale for killing innocent people. 
#NoDifference 
And the only association with #Islamophobia is a logical fallacy. https://t.co/OSTdmhFyZg";0
1204301171420094464;4ndikris;Tue Dec 10 07:25:48 +0000 2019;"RT @doamuslims: Woman who 'strangled schoolgirl with her own #Hijab' let off with a caution

Redena Al-Hadi, 14, &amp; her sister Wida, 13 have‚Ä¶";0
1204298991350865920;zlikhallysha;Tue Dec 10 07:17:08 +0000 2019;"RT @doamuslims: Woman who 'strangled schoolgirl with her own #Hijab' let off with a caution

Redena Al-Hadi, 14, &amp; her sister Wida, 13 have‚Ä¶";0
1204298801030160385;SueAuthor;Tue Dec 10 07:16:23 +0000 2019;RT @AhlyahAli: üá¨üáß UK: I fear what we will face unless we vote #ToriesOut on 12 Dec. We have a chance to change üåçüî• by electing a leader @jer‚Ä¶;0
1204298697900773377;enam_98;Tue Dec 10 07:15:59 +0000 2019;"RT @doamuslims: Woman who 'strangled schoolgirl with her own #Hijab' let off with a caution

Redena Al-Hadi, 14, &amp; her sister Wida, 13 have‚Ä¶";0
1204297676046471169;kangrunner;Tue Dec 10 07:11:55 +0000 2019;"RT @doamuslims: Woman who 'strangled schoolgirl with her own #Hijab' let off with a caution

Redena Al-Hadi, 14, &amp; her sister Wida, 13 have‚Ä¶";0
1204297404121526272;Conconor;Tue Dec 10 07:10:50 +0000 2019;The Hindu pantheon is so inclusive- it welcomes thousands of expressions of the divine to its heart, except one. It‚Äôs time to #boycottindia #citizenshipbill #modi #bjp #india #islamophobia;0
1204297379182198784;AhlyahAli;Tue Dec 10 07:10:44 +0000 2019;"üá¨üáß UK: I fear what we will face unless we vote #ToriesOut on 12 Dec. We have a chance to change üåçüî• by electing a leader @jeremycorbyn who stands with us in fighting rising #Islamophobia - not voting back a prime minister actively inciting violence against us. 
#VoteLabour üó≥üåπ https://t.co/QaI83MMpEZ";0
1204296779497295873;rinkuyadavbgp;Tue Dec 10 07:08:21 +0000 2019;"RT @DalitOnLine: Ruling party slaughtered Human Rights on the eve of #HumanRightsDay when it passed Citizen Amendment Bill.

How could a pa‚Ä¶";0
1204295972001419266;djmejorada7;Tue Dec 10 07:05:09 +0000 2019;RT @SchoepJeff: This is absolutely horrific. There should be zero tolerance on adults attacking children! Disgusting! #change #endhate #end‚Ä¶;0
1204295963139067910;AhlyahAli;Tue Dec 10 07:05:07 +0000 2019;"üá¨üáß UK: Is this what you will vote for?
There are *2 million* Muslims registered to vote for #GE2019. Yes, we are the ""problem"" @BorisJohnson because we will VOTE YOU OUT and swing this election away from the rising #Islamophobia whose fires you stoke alongside Trump. 
#VoteLabour https://t.co/aHROqp6bpk";0
1204295651661615110;KevinOnEarth;Tue Dec 10 07:03:52 +0000 2019;"@branxw69 @KhaledBeydoun Yep. Especially in the US, with 366 mass #shootings in 2019 alone! https://t.co/xixsgI29BY 
No connection to #Islamophobia though. Maybe you're on the wrong thread?";0
1204295520291893249;NurMadani18;Tue Dec 10 07:03:21 +0000 2019;"RT @doamuslims: Woman who 'strangled schoolgirl with her own #Hijab' let off with a caution

Redena Al-Hadi, 14, &amp; her sister Wida, 13 have‚Ä¶";0
1204295283036839938;azimakhtar;Tue Dec 10 07:02:24 +0000 2019;"Bollywood has no original talent 
Its contents is based on #Islamophobia &amp; Hate which is passed as sugar coated patriotic &amp;  National https://t.co/BIeM56kQhm";0
1204295177688322053;Nurizal;Tue Dec 10 07:01:59 +0000 2019;RT @erna_st: Muslim schoolgirl, 14, is too scared to leave her house after being choked with her own hijab and punched by woman shouting ra‚Ä¶;0
1204293998317170688;DJBourned;Tue Dec 10 06:57:18 +0000 2019;"RT @doamuslims: Woman who 'strangled schoolgirl with her own #Hijab' let off with a caution

Redena Al-Hadi, 14, &amp; her sister Wida, 13 have‚Ä¶";0
1204293648080199681;santri_bekasi;Tue Dec 10 06:55:55 +0000 2019;RT @erna_st: Muslim schoolgirl, 14, is too scared to leave her house after being choked with her own hijab and punched by woman shouting ra‚Ä¶;0
1204293094897848321;glykosymoritis;Tue Dec 10 06:53:43 +0000 2019;#India takes step toward blocking naturalization for Muslims - A bill establishing a religious test for immigrants has passed the lower house of Parliament, a major step for Prime Minister #NarendraModi‚Äôs Hindu-nationalist agenda https://t.co/q7ztt6OGDN #nationalism #islamophobia https://t.co/skOlI8YOyb;0
1204292149115858950;SabinaKaur3;Tue Dec 10 06:49:57 +0000 2019;"US federal government commission is talking about putting sanctions on #AmitShah because they believe #CitizenshipAmendmentBill is an unethical bill to be passed as it seems to be crubbing a particular segment of society. Finally, Americans saw this
#Islamophobia #NoCAB #StopHate";0
1204292132086767616;vachrie313;Tue Dec 10 06:49:53 +0000 2019;RT @erna_st: Muslim schoolgirl, 14, is too scared to leave her house after being choked with her own hijab and punched by woman shouting ra‚Ä¶;0
