1204279538575908865;smutkoalex;Tue Dec 10 05:59:51 +0000 2019;"On this day:
10 December 

2016 - Terrorist bomb attacks outside a stadium in Istanbul kill 38 and injure 166
.
.
.
#bombing #terrorist #attack #istanbul https://t.co/YIMuZgfL06";0
1204252279311937537;JohnSam57668631;Tue Dec 10 04:11:31 +0000 2019;"RT @Vendeurpotenri1: Contact us &gt;&gt;
Wickr : niceweed 
Telegram : https://t.co/ncNhGmRPJL
#terrain #weed #kush #420¬† #legalisation #chanvre #‚Ä¶";0
1204243762538582022;WiseOldQueen;Tue Dec 10 03:37:41 +0000 2019;"RT @UKInfidel: #IslamExposed: At Least 20 Dead in Cairo Hospital Bomb Blast: https://t.co/H5bCkKCYSd

#Egyptüá™üá¨

#cairo

#CairoBombing

#Rel‚Ä¶";0
1204243081542983680;Vendeurpotenri1;Tue Dec 10 03:34:59 +0000 2019;"Contact us &gt;&gt;
Wickr : niceweed 
Telegram : https://t.co/ncNhGmRPJL
#terrain #weed #kush #420¬† #legalisation #chanvre #dessinanim√©¬† #cannabis #perso #letters #lettering #lettrage #bombing #bombe #aerosol #loop #loopcolors #sprayv #colors https://t.co/ZwIlPuvVkv";0
1204240842468270082;UKInfidel;Tue Dec 10 03:26:05 +0000 2019;"RT @UKInfidel: #IslamExposed: At Least 20 Dead in Cairo Hospital Bomb Blast: https://t.co/H5bCkKCYSd

#Egyptüá™üá¨

#cairo

#CairoBombing

#Rel‚Ä¶";0
1204236454119034881;UKInfidel;Tue Dec 10 03:08:38 +0000 2019;"RT @UKInfidel: #IslamExposed: Aaaaand It's Islam. Lyon Bomber Admits Jihadist Links: https://t.co/gah8aU9laW

#Franceüá´üá∑

#Lyon

#Lyonbombin‚Ä¶";0
1204224061611630592;__subwaysurfer;Tue Dec 10 02:19:24 +0000 2019;RT @GraffitiMexico_: Style smellsüëÉüèª‚ú® #motick #myowntype #iracarnal #solidspraypaint #nomamesgaby #happyjoyjoy @xpressionpaint  @motickone .‚Ä¶;0
1204222707145093120;graffiti_bot;Tue Dec 10 02:14:01 +0000 2019;RT @GraffitiMexico_: Style smellsüëÉüèª‚ú® #motick #myowntype #iracarnal #solidspraypaint #nomamesgaby #happyjoyjoy @xpressionpaint  @motickone .‚Ä¶;0
1204220087932276737;GraffitiMexico_;Tue Dec 10 02:03:36 +0000 2019;"Style smellsüëÉüèª‚ú® #motick #myowntype #iracarnal #solidspraypaint #nomamesgaby #happyjoyjoy @xpressionpaint  @motickone .
.

#bombing #GrafftiMexico #GraffitiMexicano #Graffiti #GraffitiLife #GraffitiPorn‚Ä¶ https://t.co/7Zt35VL3oI";0
1204213357747822592;PulpNews;Tue Dec 10 01:36:52 +0000 2019;Newspaper of late journalist who outed #Richard #Jewell as #bombing #suspect demands retra - Dec 9 @ 8:34 PM ET https://t.co/6FVIIgf1DU;0
1204181761833365507;mike4ty4;Mon Dec 09 23:31:19 +0000 2019;@marcorubio @AOC @RashidaTlaib [19/25] That is, their concerns were, I'd say, rather more like those of U.S. liberal politicians regarding the U.S. #bombing ‚Äúwars on terrorism‚Äù than like WWII. Yes, that means #China did indeed do something objectionable here. You‚Äôre right, and it should be criticized.;0
1204174222945177600;icrowdfundbuzz;Mon Dec 09 23:01:21 +0000 2019;RT @NDickerson604: First on CNN: Pentagon releases video of U.S. bombing 'millions' in ISIS cash as the money flies into the air and burns.‚Ä¶;0
1204158598101774337;graffiti_noxx;Mon Dec 09 21:59:16 +0000 2019;NOk Wall https://t.co/RPOpByCJAD #Graffiti #cellograff #bombing https://t.co/PaqpSnJIbc Bio Graff P5 https://t.co/sDi9jMtcxF;0
1204156434751070208;proroguethelies;Mon Dec 09 21:50:40 +0000 2019;@BorisJohnson No @afneil interview, gutless seriously gutless... Churchill, you couldn't shine his glasses... can ya imagine #boris  if Hitler was #bombing if he can't face an interview...;0
1204135991251832832;NDickerson604;Mon Dec 09 20:29:26 +0000 2019;RT @NDickerson604: First on CNN: Pentagon releases video of U.S. bombing 'millions' in ISIS cash as the money flies into the air and burns.‚Ä¶;0
1204075544721137664;graffiti_noxx;Mon Dec 09 16:29:15 +0000 2019;"G Graff Letter Tut https://t.co/tE9JqdEyui #Bombing ""NOC"" Bio Graff https://t.co/46kJmmvlFL LIVED SPEEDART https://t.co/5BWpU5pYxj";0
1204058973013495808;NDickerson604;Mon Dec 09 15:23:24 +0000 2019;"First on CNN: Pentagon releases video of U.S. bombing 'millions' in ISIS cash as the money flies into the air and burns.

https://t.co/Pz7iop7ocZ

#cash #money #bombing";0
1204055797044588545;HPPulver;Mon Dec 09 15:10:46 +0000 2019;"#Friday the 13th 2019: How #Cyclones, #Asteroids and a #Buckingham #Palace #Bombing have fed the superstition&lt; https://t.co/GxiDk57XWL via @telegraphnews | But why is the day thought to bring bad luck and how have the origins led to the increase in #Paranoia? Here is everything..";0
1204041497684987909;graffiti_bot;Mon Dec 09 14:13:57 +0000 2019;RT @graffiti_noxx: #Graffiti #cellograff #bombing https://t.co/PaqpSns6MC #graffiti #in #public https://t.co/vhwtrg3L7b H Graff Letter Tut‚Ä¶;0
1204037815983493120;graffiti_noxx;Mon Dec 09 13:59:19 +0000 2019;#Graffiti #cellograff #bombing https://t.co/PaqpSns6MC #graffiti #in #public https://t.co/vhwtrg3L7b H Graff Letter Tut https://t.co/tE9JqdW9lQ;0
1204033683218292736;Shadi_Alkasim;Mon Dec 09 13:42:54 +0000 2019;"#Taliban #claims #responsibility for #suicide #bombing in S. #Afghanistan amid #peace #talks with #US

https://t.co/99z4hPrZal";0
1204000047018500096;graffiti_noxx;Mon Dec 09 11:29:15 +0000 2019;"NOk Wall https://t.co/RPOpByCJAD 
""NOC"" Bio Graff P1 https://t.co/kcv1XKwUCA NC Green canvas https://t.co/7cutUImaLm #Bombing";0
1203953372732305408;W420paris;Mon Dec 09 08:23:47 +0000 2019;"‚ûñ‚ûñOklam...ib viaüì≤Wickr:stoner75 
Via Whatsapp :+33756848490
Snapchat:weed6978#chanvre #dessinanim√©¬† #cannabis #perso #letters #lettering #lettrage #bombing #bombe #aerosol #loop #loopcolors #spray #colors #graff #graffiti #graffitigirl  #paris #painting #graffiti_art https://t.co/tbjtUOpnxV";0
1203874421372530695;decadesmatrix;Mon Dec 09 03:10:03 +0000 2019;The year 1945: Allied bombings of Tokyo and Dresden. Explore how this is connected in history at https://t.co/yRUFjCGI1w #WWII #WarCrime #Bombing #Morals https://t.co/J4bZVsVpfQ;0
1203873283529170944;bigdaddy6815;Mon Dec 09 03:05:32 +0000 2019;#tanking and #bombing because they #suck https://t.co/twWa449IeP;0
1203801538004733953;ZoraidaPalacios;Sun Dec 08 22:20:26 +0000 2019;RT @HatefMokhtar: The #genocide of #PASHTOON nation is #systematically continued on both sides of #Durand #line, in one side by #terrorizin‚Ä¶;0
1203788285971193861;dealerparis1;Sun Dec 08 21:27:47 +0000 2019;"inbox..via üì©
wickr//ici7paris 
https://t.co/LC8Jc4Xv2x  #terrain #weed #kush #legalisation #chanvre #dessinanim√©¬† #cannabis #perso #letters #lettering #lettrage #bombing #bombe #aerosol #loop #loopcolors #sprayv #colors¬† #graff #graffiti #graffitigirl #paris #painting #graffit https://t.co/WPCdogY6V5";0
1203774470235799556;RideAAlongPod;Sun Dec 08 20:32:53 +0000 2019;"CHECK OUT LATEST EPISODE OF THE @RideAAlongPod FT. @brettmercer_  LINK IN BIO!!! #rideaalong 

#comedy #funny  #lmao #detroitcomedy #comedian #hilarious #standupcomedy #michigancomedy #podcast #jokes #bombing #customer #sundayservice #sundaymorning https://t.co/JmiuChsxj4";0
1203773133234282496;ejwatson111;Sun Dec 08 20:27:34 +0000 2019;"CHECK OUT LATEST EPISODE OF THE @RideAAlongPod FT. @brettmercer_  LINK IN BIO!!! #rideaalong 

#comedy #funny  #lmao #detroitcomedy #comedian #hilarious #standupcomedy #michigancomedy #podcast #jokes #bombing #customer #sundayservice #sundaymorning https://t.co/N6ODsM6I96";0
1203758472044699650;graffiti_noxx;Sun Dec 08 19:29:19 +0000 2019;https://t.co/6SUtz6bDoO Blackbook Graff https://t.co/9LmJziKnWZ  Blackbook Graff NC Green canvas https://t.co/7cutUImaLm #Bombing;0
1203741191176458242;djoneinamillion;Sun Dec 08 18:20:39 +0000 2019;Who knows where I was? #oc #aroundtown #graffiti #tags #pieces spraypaint #markers #streak #bombing #igetaround #graffbathroom @ Orange County, California https://t.co/zKAO0tUrC5;0
1203695634454323200;__subwaysurfer;Sun Dec 08 15:19:37 +0000 2019;RT @berlingraff: KEB1 @futureboogie185 ‚Äî #berlin #graffiti #berlingraffiti #graffitiberlin #fotoboom #bombing #berlinstreets #–≥—Ä–∞—Ñ—Ñ–∏—Ç–∏ ‚Äî ¬©‚Ä¶;0
1203694325357568000;graffiti_bot;Sun Dec 08 15:14:25 +0000 2019;RT @berlingraff: KEB1 @futureboogie185 ‚Äî #berlin #graffiti #berlingraffiti #graffitiberlin #fotoboom #bombing #berlinstreets #–≥—Ä–∞—Ñ—Ñ–∏—Ç–∏ ‚Äî ¬©‚Ä¶;0
1203692538592411648;berlingraff;Sun Dec 08 15:07:19 +0000 2019;"KEB1 @futureboogie185 ‚Äî #berlin #graffiti #berlingraffiti #graffitiberlin #fotoboom #bombing #berlinstreets #–≥—Ä–∞—Ñ—Ñ–∏—Ç–∏ ‚Äî ¬© BERLIN GRAFFITI ‚Äî FROM ""FB SPECIAL #6"" ON https://t.co/iYfAvtdlyi https://t.co/UmN9cEXA2X https://t.co/OEPhuCI8we";0
1203664025487368192;graffiti_bot;Sun Dec 08 13:14:01 +0000 2019;RT @berlingraff: FREEK ‚Äî #berlin #graffiti #berlingraffiti #graffitiberlin #fotoboom #bombing #berlinstreets #true2thegame #–≥—Ä–∞—Ñ—Ñ–∏—Ç–∏ ‚Äî TAKE‚Ä¶;0
1203662340127887362;berlingraff;Sun Dec 08 13:07:19 +0000 2019;"FREEK ‚Äî #berlin #graffiti #berlingraffiti #graffitiberlin #fotoboom #bombing #berlinstreets #true2thegame #–≥—Ä–∞—Ñ—Ñ–∏—Ç–∏ ‚Äî TAKEN FROM ""TRUE 2 THE GAME #3"" (1998) ON https://t.co/KNWmZzsqrg https://t.co/Q0dohBjgGh https://t.co/iT3876DjWE";0
1203574817749897216;__subwaysurfer;Sun Dec 08 07:19:32 +0000 2019;RT @graffiti_noxx: #Graffiti #cellograff #bombing https://t.co/PaqpSnJIbc NC Green canvas https://t.co/7cutUImaLm https://t.co/DD0FI59psQ #‚Ä¶;0
1203573461370724352;graffiti_bot;Sun Dec 08 07:14:09 +0000 2019;RT @graffiti_noxx: #Graffiti #cellograff #bombing https://t.co/PaqpSnJIbc NC Green canvas https://t.co/7cutUImaLm https://t.co/DD0FI59psQ #‚Ä¶;0
1203569745095806976;graffiti_noxx;Sun Dec 08 06:59:23 +0000 2019;#Graffiti #cellograff #bombing https://t.co/PaqpSnJIbc NC Green canvas https://t.co/7cutUImaLm https://t.co/DD0FI59psQ #graffiti #Canvas Long RAIN e2;0
1203559737767464960;__subwaysurfer;Sun Dec 08 06:19:37 +0000 2019;RT @graffiti_noxx: NOK Graffiti https://t.co/PuWfsGFRLy #Graffiti #cellograff #bombing https://t.co/PaqpSnJIbc https://t.co/1mf5mTrKKw Blac‚Ä¶;0
1203558388430450689;graffiti_bot;Sun Dec 08 06:14:15 +0000 2019;RT @graffiti_noxx: NOK Graffiti https://t.co/PuWfsGFRLy #Graffiti #cellograff #bombing https://t.co/PaqpSnJIbc https://t.co/1mf5mTrKKw Blac‚Ä¶;0
1203557733036969985;JohnSam57668631;Sun Dec 08 06:11:39 +0000 2019;"RT @Vendeurpotenri1: Contact us &gt;&gt;
Wickr : niceweed 
Telegram : https://t.co/eKqEirOJsb
#terrain #weed #kush #420¬† #legalisation #chanvre #‚Ä¶";0
1203554635048464384;Vendeurpotenri1;Sun Dec 08 05:59:20 +0000 2019;"Contact us &gt;&gt;
Wickr : niceweed 
Telegram : https://t.co/eKqEirOJsb
#terrain #weed #kush #420¬† #legalisation #chanvre #dessinanim√©¬† #cannabis #perso #letters #lettering #lettrage #bombing #bombe #aerosol #loop #loopcolors #sprayv #colors https://t.co/e9vdEzvGRq";0
1203554573815824384;graffiti_noxx;Sun Dec 08 05:59:06 +0000 2019;NOK Graffiti https://t.co/PuWfsGFRLy #Graffiti #cellograff #bombing https://t.co/PaqpSnJIbc https://t.co/1mf5mTrKKw Blackbook Graff;0
1203430100915478528;ejlazar;Sat Dec 07 21:44:29 +0000 2019;RT @fastertagueur: This is an interesting Angelina Kahlo by #msieurbonheur #monsieurbonheur #davidbonheur #angelinajolie #angelina #frida #‚Ä¶;0
1203408743175741440;__subwaysurfer;Sat Dec 07 20:19:37 +0000 2019;"RT @OscarBellozo: Jesus is king ‚ô• 
.
.
.
.
#JesusIsKing #ARTcrew #278k #GraffitiTijuana #TijuanaGraffiti #TijuanaGraff #Graffiti #Bombing #‚Ä¶";0
1203407451321708549;graffiti_bot;Sat Dec 07 20:14:29 +0000 2019;"RT @OscarBellozo: Jesus is king ‚ô• 
.
.
.
.
#JesusIsKing #ARTcrew #278k #GraffitiTijuana #TijuanaGraffiti #TijuanaGraff #Graffiti #Bombing #‚Ä¶";0
1203406361129672704;OscarBellozo;Sat Dec 07 20:10:09 +0000 2019;"Jesus is king ‚ô• 
.
.
.
.
#JesusIsKing #ARTcrew #278k #GraffitiTijuana #TijuanaGraffiti #TijuanaGraff #Graffiti #Bombing #ThrowUp #Tijuana #PuertoPe√±asco #GraffWars #Powser #Pow https://t.co/dj2OTipvGS";0
1203360190952812544;violrussell;Sat Dec 07 17:06:41 +0000 2019;"A #WWI novel set in #NewOrleans &amp; then moving to #France #Klors #Ireland #Belfast #Dublin #Galway #Prohibition #Bootlegging #Storyville #Easter1916  #IRA #Mafia #Bombing #SoulMatePublishing: https://t.co/IkfIWjtuOy https://t.co/Um6wS7Yora";0
1203303165241831424;RAWneighbors;Sat Dec 07 13:20:05 +0000 2019;On this day in #history #pearlharbor #hawaii #japan #bombing  https://t.co/cKabHhLX7u;0
1203302978150633477;__subwaysurfer;Sat Dec 07 13:19:20 +0000 2019;RT @graffiti_noxx: #SWC #Graffiti #Dreieck https://t.co/rhFF0LyaXr https://t.co/6SUtz6bDoO Blackbook Graff #Graffiti #cellograff #bombing h‚Ä¶;0
1203301635855966208;graffiti_bot;Sat Dec 07 13:14:00 +0000 2019;RT @graffiti_noxx: #SWC #Graffiti #Dreieck https://t.co/rhFF0LyaXr https://t.co/6SUtz6bDoO Blackbook Graff #Graffiti #cellograff #bombing h‚Ä¶;0
1203297926925168640;graffiti_noxx;Sat Dec 07 12:59:16 +0000 2019;#SWC #Graffiti #Dreieck https://t.co/rhFF0LyaXr https://t.co/6SUtz6bDoO Blackbook Graff #Graffiti #cellograff #bombing https://t.co/PaqpSnJIbc;0
1203213451910434817;PulpNews;Sat Dec 07 07:23:36 +0000 2019;#Florida Man lurks in subtext of #Richard #Jewell book, movie on Olympic #bombing  #Fred G - Dec 7 @ 2:21 AM ET https://t.co/EAc6FTLQFc;0
1203210425879453697;JohnSam57668631;Sat Dec 07 07:11:34 +0000 2019;"RT @Vendeurpotenri1: Contact us &gt;&gt;
Wickr : niceweed 
Telegram : https://t.co/eKqEirOJsb
#terrain #weed #kush #420goddess #legalisation #cha‚Ä¶";0
1203201848523407360;evilcarlos;Sat Dec 07 06:37:29 +0000 2019;RT @fastertagueur: This is an interesting Angelina Kahlo by #msieurbonheur #monsieurbonheur #davidbonheur #angelinajolie #angelina #frida #‚Ä¶;0
1203201149047836672;Vendeurpotenri1;Sat Dec 07 06:34:42 +0000 2019;"Contact us &gt;&gt;
Wickr : niceweed 
Telegram : https://t.co/eKqEirOJsb
#terrain #weed #kush #420goddess #legalisation #chanvre #dessinanim√©¬† #cannabis #perso #letters #lettering #lettrage #bombing #bombe #aerosol #loop #loopcolors #sprayv #colors https://t.co/zwYb374NAZ";0
1203187947589263360;positivjunelbug;Sat Dec 07 05:42:15 +0000 2019;RT @DrLindaTucker: Our lives can change in an instant. Just ask @RebekahMGregory, who survived the @BostonMarathon #bombing. While she coul‚Ä¶;0
1203176855244808194;yorkie246;Sat Dec 07 04:58:10 +0000 2019;RT @DrLindaTucker: Our lives can change in an instant. Just ask @RebekahMGregory, who survived the @BostonMarathon #bombing. While she coul‚Ä¶;0
1203163364517502976;jrahiya;Sat Dec 07 04:04:34 +0000 2019;RT @DrLindaTucker: Our lives can change in an instant. Just ask @RebekahMGregory, who survived the @BostonMarathon #bombing. While she coul‚Ä¶;0
1203142986646917120;sofiartmedia;Sat Dec 07 02:43:35 +0000 2019;RT @fastertagueur: This is an interesting Angelina Kahlo by #msieurbonheur #monsieurbonheur #davidbonheur #angelinajolie #angelina #frida #‚Ä¶;0
1203131440822661122;BeenXXPired;Sat Dec 07 01:57:43 +0000 2019;"I would have no #Issues, if every #Bombing that takes place in #OtherParts of the #World; had as much #ScreenTime as the #USA shootings.

Don't be #Biased or #Selective when it comes to shit like that.

Release all the facts &amp; coverage on anything that violates people #lives...";0
1203098532921479168;Ksurfiws;Fri Dec 06 23:46:57 +0000 2019;"New Construction Staircase got me thinking about something else...
I can‚Äôt quite put my finger on it...
#bombing #shorebreak @ Beach Park (Tampa) https://t.co/k4W8EMD3IB";0
1203097751908765696;PrincessofWails;Fri Dec 06 23:43:51 +0000 2019;"RT @UKInfidel: #IslamExposed: At Least 20 Dead in Cairo Hospital Bomb Blast: https://t.co/H5bCkKCYSd

#Egyptüá™üá¨

#cairo

#CairoBombing

#Rel‚Ä¶";0
1203067795736543236;jejeparis;Fri Dec 06 21:44:49 +0000 2019;RT @fastertagueur: This is an interesting Angelina Kahlo by #msieurbonheur #monsieurbonheur #davidbonheur #angelinajolie #angelina #frida #‚Ä¶;0
1203066166815739905;joezaza0147;Fri Dec 06 21:38:20 +0000 2019;"RT @RhythmFMBenin: #AfternoonDrive  W/  The king @Steavihn + @FemaleDjNicole 

NP ‚ñ∂ Ayeme -  @joezaza0147 ft. #bombing  X @Evidence

#Where‚Ä¶";0
1203036724844253184;SteadyGaming__;Fri Dec 06 19:41:21 +0000 2019;RT @berlingraff: MICRO ‚Äî #berlin #graffiti #berlingraffiti #graffitiberlin #fotoboom #bombing #berlinstreets #true2thegame #–≥—Ä–∞—Ñ—Ñ–∏—Ç–∏ ‚Äî TAKE‚Ä¶;0
1203018648941674496;fastertagueur;Fri Dec 06 18:29:31 +0000 2019;"This is an interesting Angelina Kahlo by #msieurbonheur #monsieurbonheur #davidbonheur #angelinajolie #angelina #frida #fridakahlo 
#collage #collageart #stencil #stencilart #streetart #graffiti #spray #bombing #wall #urbanart #collage #urbanwalls #nirindastreet https://t.co/GcB5QhVnCr";0
1203011288579764224;Moneyaddict93;Fri Dec 06 18:00:16 +0000 2019;Bombing of Australia 20cent 2012 üá¶üá∫ #coins #coin #australia #lithuania #vilnius #kaunas #collector #collectors #collection #collections #bombing #numismatics #numismatist #numismatica #numismatique #currency #silver #money #valuable #investment #hobby #rarecoins #loveitorloveit https://t.co/6eVPTtVQ9W;0
1203001037453512705;__subwaysurfer;Fri Dec 06 17:19:32 +0000 2019;RT @berlingraff: MICRO ‚Äî #berlin #graffiti #berlingraffiti #graffitiberlin #fotoboom #bombing #berlinstreets #true2thegame #–≥—Ä–∞—Ñ—Ñ–∏—Ç–∏ ‚Äî TAKE‚Ä¶;0
1202999693384523776;graffiti_bot;Fri Dec 06 17:14:12 +0000 2019;RT @berlingraff: MICRO ‚Äî #berlin #graffiti #berlingraffiti #graffitiberlin #fotoboom #bombing #berlinstreets #true2thegame #–≥—Ä–∞—Ñ—Ñ–∏—Ç–∏ ‚Äî TAKE‚Ä¶;0
1202998037930479627;berlingraff;Fri Dec 06 17:07:37 +0000 2019;"MICRO ‚Äî #berlin #graffiti #berlingraffiti #graffitiberlin #fotoboom #bombing #berlinstreets #true2thegame #–≥—Ä–∞—Ñ—Ñ–∏—Ç–∏ ‚Äî TAKEN FROM ""TRUE 2 THE GAME #3"" (1998) ON https://t.co/KNWmZzsqrg https://t.co/LajOKZM62i https://t.co/NaYw3e8owC";0
1202991389216083968;Remix_2R;Fri Dec 06 16:41:12 +0000 2019;With my bwo' ecto.lst #graffiti #dezer #remix2r #graffitiporn #liegegraffiti #graffitibelgium #paintoftheday #streetartist #streetart #graffitiart #graffitiartist #colors #spraypaint #sprayart #cans #bombing‚Ä¶ https://t.co/toEXikkEV8;0
1202988411084296192;graffiti_noxx;Fri Dec 06 16:29:22 +0000 2019;#Graffiti #cellograff #bombing https://t.co/PaqpSnJIbc NC Green canvas https://t.co/7cutUImaLm Cancer v2 3D https://t.co/JIik2CdEko;0
1202949771264049152;ejc322;Fri Dec 06 13:55:49 +0000 2019;RT @DrLindaTucker: Our lives can change in an instant. Just ask @RebekahMGregory, who survived the @BostonMarathon #bombing. While she coul‚Ä¶;0
1202928004336431105;graffiti_noxx;Fri Dec 06 12:29:20 +0000 2019;#trashcan https://t.co/QddPTlF4sJ #Graffiti #cellograff #bombing https://t.co/PaqpSnJIbc Writers Life https://t.co/BBsalR1YIA;0
1202910391589883905;__subwaysurfer;Fri Dec 06 11:19:21 +0000 2019;RT @berlingraff: KEB ‚Äî #berlin #graffiti #berlingraffiti #graffitiberlin #fotoboom #bombing #berlinstreets #–≥—Ä–∞—Ñ—Ñ–∏—Ç–∏ ‚Äî ¬© BERLIN GRAFFITI ‚Äî‚Ä¶;0
1202909793310199808;goethem_v;Fri Dec 06 11:16:58 +0000 2019;#Bombing of Hospitals in Syria are the worst Crimes ever committed by armed Forces since the Second World War,  there is No Excuse possible ,...Putin will go down in History as the new Hitler https://t.co/jTz6zLfRxy;0
1202909096938213389;graffiti_bot;Fri Dec 06 11:14:12 +0000 2019;RT @berlingraff: KEB ‚Äî #berlin #graffiti #berlingraffiti #graffitiberlin #fotoboom #bombing #berlinstreets #–≥—Ä–∞—Ñ—Ñ–∏—Ç–∏ ‚Äî ¬© BERLIN GRAFFITI ‚Äî‚Ä¶;0
1202909096938213389;graffiti_bot;Fri Dec 06 11:14:12 +0000 2019;RT @berlingraff: KEB ‚Äî #berlin #graffiti #berlingraffiti #graffitiberlin #fotoboom #bombing #berlinstreets #–≥—Ä–∞—Ñ—Ñ–∏—Ç–∏ ‚Äî ¬© BERLIN GRAFFITI ‚Äî‚Ä¶;0
1202907365655404545;berlingraff;Fri Dec 06 11:07:19 +0000 2019;"KEB ‚Äî #berlin #graffiti #berlingraffiti #graffitiberlin #fotoboom #bombing #berlinstreets #–≥—Ä–∞—Ñ—Ñ–∏—Ç–∏ ‚Äî ¬© BERLIN GRAFFITI ‚Äî FROM ""FB SPECIAL #3"" ON https://t.co/iYfAvtdlyi https://t.co/GqgT91j9Vy https://t.co/QYXL5lRjf8";0
1202822269682229248;graffiti_noxx;Fri Dec 06 05:29:11 +0000 2019;#Graffiti #cellograff #bombing https://t.co/PaqpSnJIbc https://t.co/kDMn4JJRTD  Blackbook Graff #Graffiti_noxx https://t.co/KeksclftlW #Sketch #wildstyle #3D #Graffiti #Noxx;0
1202714179951566853;__subwaysurfer;Thu Dec 05 22:19:40 +0000 2019;"RT @ECStreetGallery: Street Writers 2019
üïã
#StreetWriters #Guayaquil #Ecuador #GraffitiEcuador #Graffiti #Bombing #StreetPhotography #AllCi‚Ä¶";0
1202714141544329223;__subwaysurfer;Thu Dec 05 22:19:31 +0000 2019;"RT @ECStreetGallery: Street Writers 2019
üïã
#StreetWriters #Guayaquil #Ecuador #GraffitiEcuador #Graffiti #Bombing #StreetPhotography #AllCi‚Ä¶";0
1202713982181593088;ECStreetGallery;Thu Dec 05 22:18:53 +0000 2019;"Street Writers 2019
üïã
#StreetWriters #Guayaquil #Ecuador #GraffitiEcuador #Graffiti #Bombing #StreetPhotography #AllCity üî∫ https://t.co/LmwnyCkkSM";0
1202713980952727552;ECStreetGallery;Thu Dec 05 22:18:53 +0000 2019;"Street Writers 2019
üïã
#StreetWriters #Guayaquil #Ecuador #GraffitiEcuador #Graffiti #Bombing #StreetPhotography #AllCity üî∫ https://t.co/XUv5kmrH6J";0
1202673548801777667;TreitnerS;Thu Dec 05 19:38:13 +0000 2019;"https://t.co/qErwyGziKC
#Sun-#bombing #spacecraft uncovers #secrets of the #solar #wind";0
1202642572994326528;LadyFilmFatale;Thu Dec 05 17:35:08 +0000 2019;"RT @oaklandwalls510: ROAR 
#roar #emt #tfl #oaklandwalls #oaklandgraffiti #nomorecondos #burner #bombing #streetart #graffiti https://t.co/‚Ä¶";0
1202502726913024000;__subwaysurfer;Thu Dec 05 08:19:26 +0000 2019;RT @graffiti_noxx: #Graffiti #cellograff #bombing https://t.co/PaqpSnJIbc Writers Life https://t.co/BBsalR1YIA NC Green canvas https://t.co‚Ä¶;0
1202501437307150336;graffiti_bot;Thu Dec 05 08:14:18 +0000 2019;RT @graffiti_noxx: #Graffiti #cellograff #bombing https://t.co/PaqpSnJIbc Writers Life https://t.co/BBsalR1YIA NC Green canvas https://t.co‚Ä¶;0
1202497747854778368;graffiti_noxx;Thu Dec 05 07:59:39 +0000 2019;#Graffiti #cellograff #bombing https://t.co/PaqpSnJIbc Writers Life https://t.co/BBsalR1YIA NC Green canvas https://t.co/7cutUImaLm;0
1202455266761084928;BeckyPreston90;Thu Dec 05 05:10:50 +0000 2019;RT @DrLindaTucker: Our lives can change in an instant. Just ask @RebekahMGregory, who survived the @BostonMarathon #bombing. While she coul‚Ä¶;0
1202394343920873472;musicmafiard;Thu Dec 05 01:08:45 +0000 2019;"üí™üèΩ Dope grey sketch by peque_vrs üî•üî•üî•üî•üî•
.
.
.
.
.

#drawing #photooftheday #urban #throwup  #desing #throwie #bombing #loopcolors #tag #sketch #artwork #graffitiddbombing #blackbook #streetart #fatcap #molotow‚Ä¶ https://t.co/iWFe776ea7";0
1202369371387105282;graffiti_noxx;Wed Dec 04 23:29:31 +0000 2019;#Graffiti #cellograff #bombing https://t.co/PaqpSnJIbc #Graffiti_noxx LIVED SPEEDART https://t.co/5BWpU5pYxj Graff Blackbook NOC https://t.co/9BvMFejJ4P;0
1202361438137933824;GMD772;Wed Dec 04 22:58:00 +0000 2019;RT @DrLindaTucker: Our lives can change in an instant. Just ask @RebekahMGregory, who survived the @BostonMarathon #bombing. While she coul‚Ä¶;0
1202353723843993600;alk3125;Wed Dec 04 22:27:21 +0000 2019;RT @DrLindaTucker: Our lives can change in an instant. Just ask @RebekahMGregory, who survived the @BostonMarathon #bombing. While she coul‚Ä¶;0
1202331532536532992;graffiti_noxx;Wed Dec 04 20:59:10 +0000 2019;"""NOC"" Bio Graff P2 https://t.co/yY4U3MhJVS https://t.co/ynZgi7BrPs  Blackbook Graff #Bombing #can H Graff Letter Tut https://t.co/tE9JqdEyui";0
1202306412757635073;__subwaysurfer;Wed Dec 04 19:19:21 +0000 2019;RT @berlingraff: DAVIS ‚Äî #berlin #graffiti #berlingraffiti #graffitiberlin #fotoboom #bombing #berlinstreets #true2thegame #–≥—Ä–∞—Ñ—Ñ–∏—Ç–∏ ‚Äî TAKE‚Ä¶;0
1202305083838541824;graffiti_bot;Wed Dec 04 19:14:04 +0000 2019;RT @berlingraff: DAVIS ‚Äî #berlin #graffiti #berlingraffiti #graffitiberlin #fotoboom #bombing #berlinstreets #true2thegame #–≥—Ä–∞—Ñ—Ñ–∏—Ç–∏ ‚Äî TAKE‚Ä¶;0
1202305083838541824;graffiti_bot;Wed Dec 04 19:14:04 +0000 2019;RT @berlingraff: DAVIS ‚Äî #berlin #graffiti #berlingraffiti #graffitiberlin #fotoboom #bombing #berlinstreets #true2thegame #–≥—Ä–∞—Ñ—Ñ–∏—Ç–∏ ‚Äî TAKE‚Ä¶;0
1202305083838541824;graffiti_bot;Wed Dec 04 19:14:04 +0000 2019;RT @berlingraff: DAVIS ‚Äî #berlin #graffiti #berlingraffiti #graffitiberlin #fotoboom #bombing #berlinstreets #true2thegame #–≥—Ä–∞—Ñ—Ñ–∏—Ç–∏ ‚Äî TAKE‚Ä¶;0
1202302955094978561;berlingraff;Wed Dec 04 19:05:36 +0000 2019;"DAVIS ‚Äî #berlin #graffiti #berlingraffiti #graffitiberlin #fotoboom #bombing #berlinstreets #true2thegame #–≥—Ä–∞—Ñ—Ñ–∏—Ç–∏ ‚Äî TAKEN FROM ""TRUE 2 THE GAME #3"" (1998) ON https://t.co/KNWmZzsqrg https://t.co/5brnUNk8Mq https://t.co/mqBP9Zh9i8";0
1202276247386120192;__subwaysurfer;Wed Dec 04 17:19:29 +0000 2019;RT @berlingraff: ENSO ‚Äî #berlin #graffiti #berlingraffiti #graffitiberlin #fotoboom #bombing #berlinstreets #–≥—Ä–∞—Ñ—Ñ–∏—Ç–∏ ‚Äî ¬© BERLIN GRAFFITI ‚Äî‚Ä¶;0
1202274880332476416;graffiti_bot;Wed Dec 04 17:14:03 +0000 2019;RT @berlingraff: ENSO ‚Äî #berlin #graffiti #berlingraffiti #graffitiberlin #fotoboom #bombing #berlinstreets #–≥—Ä–∞—Ñ—Ñ–∏—Ç–∏ ‚Äî ¬© BERLIN GRAFFITI ‚Äî‚Ä¶;0
1202273202296229894;SteadyGaming__;Wed Dec 04 17:07:23 +0000 2019;RT @berlingraff: ENSO ‚Äî #berlin #graffiti #berlingraffiti #graffitiberlin #fotoboom #bombing #berlinstreets #–≥—Ä–∞—Ñ—Ñ–∏—Ç–∏ ‚Äî ¬© BERLIN GRAFFITI ‚Äî‚Ä¶;0
1202272794391777281;berlingraff;Wed Dec 04 17:05:45 +0000 2019;"ENSO ‚Äî #berlin #graffiti #berlingraffiti #graffitiberlin #fotoboom #bombing #berlinstreets #–≥—Ä–∞—Ñ—Ñ–∏—Ç–∏ ‚Äî ¬© BERLIN GRAFFITI ‚Äî FROM ""TRAINS IN TRAFFIC #37"" ON https://t.co/iYfAvtdlyi https://t.co/IOgBtIaFFY https://t.co/9emkzIruL1";0
1202255791832498177;Tintie4;Wed Dec 04 15:58:12 +0000 2019;RT @daledewar: Why is this a #failure? The money should continue to improve our #health and #educational systems and mitigate #climate chan‚Ä¶;0
1202254071182151680;daledewar;Wed Dec 04 15:51:22 +0000 2019;"Why is this a #failure? The money should continue to improve our #health and #educational systems and mitigate #climate change. #Bombing other countries is passe; if no one has noticed, bombing Libya, Syria and Iraq has not produced #peace or #freedom. It has lined a few pockets. https://t.co/ZkyYbZELM1";0
1202235078392328192;Nedin;Wed Dec 04 14:35:53 +0000 2019;RT @saintbenny7: I am totally for this #bombing https://t.co/KyGebKlWrW;0
1202213306196471808;MHadziMD;Wed Dec 04 13:09:22 +0000 2019;RT @saintbenny7: I am totally for this #bombing https://t.co/KyGebKlWrW;0
1202203696580325379;whitegirlYERI;Wed Dec 04 12:31:11 +0000 2019;RT @saintbenny7: I am totally for this #bombing https://t.co/KyGebKlWrW;0
1202201509066399751;V8W2Y3;Wed Dec 04 12:22:30 +0000 2019;RT @saintbenny7: I am totally for this #bombing https://t.co/KyGebKlWrW;0
1202200731635404802;saintbenny7;Wed Dec 04 12:19:24 +0000 2019;I am totally for this #bombing https://t.co/KyGebKlWrW;0
1202191233470386176;violrussell;Wed Dec 04 11:41:40 +0000 2019;A #WWII #sequel of the Mooney Family! #HistoricalRomance #Mafia #HorseRacing #Germany #espionage #Ireland #IRA #Bombing #Liverpool #Coventry #RAF #Blitz: https://t.co/voAwo97bTC https://t.co/CAPNNNQpYO;0
1202186167652884482;man_hoax;Wed Dec 04 11:21:32 +0000 2019;#7/7 #Ripple Effect 2 https://t.co/Wg7ECu11U5 #London #bombing #false #flag;0
1202185636867985415;__subwaysurfer;Wed Dec 04 11:19:26 +0000 2019;RT @graffiti_noxx: PokemonGo Handy Wallpaper https://t.co/vOteOw2PNn #Graffiti #cellograff #bombing https://t.co/PaqpSnJIbc #noxx_Graffiti‚Ä¶;0
1202184287585476609;graffiti_bot;Wed Dec 04 11:14:04 +0000 2019;RT @graffiti_noxx: PokemonGo Handy Wallpaper https://t.co/vOteOw2PNn #Graffiti #cellograff #bombing https://t.co/PaqpSnJIbc #noxx_Graffiti‚Ä¶;0
1202180545146445824;graffiti_noxx;Wed Dec 04 10:59:12 +0000 2019;PokemonGo Handy Wallpaper https://t.co/vOteOw2PNn #Graffiti #cellograff #bombing https://t.co/PaqpSnJIbc #noxx_Graffiti CityBombings Part2 https://t.co/d1sqVq9asU;0
1202072498411585536;rigged_mal;Wed Dec 04 03:49:51 +0000 2019;RT @DrLindaTucker: Our lives can change in an instant. Just ask @RebekahMGregory, who survived the @BostonMarathon #bombing. While she coul‚Ä¶;0
1202071357468471296;redrooster52;Wed Dec 04 03:45:19 +0000 2019;@2460David Always had fun #bombing around in one #APC;0
1202026738483515393;DarkStitch;Wed Dec 04 00:48:01 +0000 2019;"Olivia Wilde defends her 'Richard Jewell' character amid backlash: 'Don't reduce her'
https://t.co/TQKZYWDryf
#OliviaWilde #RichardJewell #KathyScruggs #OlympicPark #Bombing #Olympics";0
1201959141234921472;__subwaysurfer;Tue Dec 03 20:19:25 +0000 2019;RT @AntiDrumless: Recently spotted some pieces done by #Tetris and #Same on #StationOssWest #OssWest #MoronDOA #Graffiti #Bombing #Bombers‚Ä¶;0
1201957768946733056;graffiti_bot;Tue Dec 03 20:13:58 +0000 2019;RT @AntiDrumless: Recently spotted some pieces done by #Tetris and #Same on #StationOssWest #OssWest #MoronDOA #Graffiti #Bombing #Bombers‚Ä¶;0
1201954810519588866;AntiDrumless;Tue Dec 03 20:02:12 +0000 2019;"Recently spotted some pieces done by #Tetris and #Same on #StationOssWest #OssWest #MoronDOA #Graffiti #Bombing #Bombers #Graffitibombing #Graffitibombers #HipHop #Element #Kings #GrowingUpInTheHood #GEAH
#TwentySixteen #TwentyNineteen #blurrypicsoineedotgobackforthatonesamepiece https://t.co/eeQ75LQSvZ";0
1201954035324129280;graffiti_noxx;Tue Dec 03 19:59:07 +0000 2019;"#Daimgraffiti https://t.co/nmrCR4ZYDJ YT https://t.co/vcb8sqIhmi CityBombings Part2 https://t.co/d1sqVq9asU #Bombing 
C Graff Tut Letter https://t.co/x0zwhV4i0E";0
1201937533359267846;4london;Tue Dec 03 18:53:33 +0000 2019;Watch #thecave by Feras #Fayyad amazing director of a an extraordinary #syrian film about #Russian #bombing of #hospitals;0
1201937274436571138;pedrinhosk82;Tue Dec 03 18:52:31 +0000 2019;RT @berlingraff: NOAK ‚Äî #berlin #graffiti #berlingraffiti #graffitiberlin #fotoboom #bombing #berlinstreets #–≥—Ä–∞—Ñ—Ñ–∏—Ç–∏ ‚Äî ¬© BERLIN GRAFFITI ‚Äî‚Ä¶;0
1201912470434189313;graffiti_bot;Tue Dec 03 17:13:58 +0000 2019;RT @berlingraff: FOUR ‚Äî #berlin #graffiti #berlingraffiti #graffitiberlin #fotoboom #bombing #berlinstreets #–≥—Ä–∞—Ñ—Ñ–∏—Ç–∏ ‚Äî ¬© BERLIN GRAFFITI ‚Äî‚Ä¶;0
1201910425283108865;berlingraff;Tue Dec 03 17:05:50 +0000 2019;"FOUR ‚Äî #berlin #graffiti #berlingraffiti #graffitiberlin #fotoboom #bombing #berlinstreets #–≥—Ä–∞—Ñ—Ñ–∏—Ç–∏ ‚Äî ¬© BERLIN GRAFFITI ‚Äî FROM ""BOMBS OF BERLIN #40"" ON https://t.co/iYfAvtdlyi https://t.co/VcQSlvYrjH https://t.co/aeguv70PRB";0
1201891077617311750;SteadyGaming__;Tue Dec 03 15:48:57 +0000 2019;RT @berlingraff: REVOLTE CABRIO ‚Äî #berlin #graffiti #berlingraffiti #graffitiberlin #fotoboom #bombing #berlinstreets #–≥—Ä–∞—Ñ—Ñ–∏—Ç–∏ ‚Äî ¬© BERLIN‚Ä¶;0
1201883671512399873;__subwaysurfer;Tue Dec 03 15:19:31 +0000 2019;RT @berlingraff: NOAK ‚Äî #berlin #graffiti #berlingraffiti #graffitiberlin #fotoboom #bombing #berlinstreets #–≥—Ä–∞—Ñ—Ñ–∏—Ç–∏ ‚Äî ¬© BERLIN GRAFFITI ‚Äî‚Ä¶;0
1201882444623949824;SteadyGaming__;Tue Dec 03 15:14:39 +0000 2019;RT @berlingraff: NOAK ‚Äî #berlin #graffiti #berlingraffiti #graffitiberlin #fotoboom #bombing #berlinstreets #–≥—Ä–∞—Ñ—Ñ–∏—Ç–∏ ‚Äî ¬© BERLIN GRAFFITI ‚Äî‚Ä¶;0
1201882294371454977;graffiti_bot;Tue Dec 03 15:14:03 +0000 2019;RT @berlingraff: NOAK ‚Äî #berlin #graffiti #berlingraffiti #graffitiberlin #fotoboom #bombing #berlinstreets #–≥—Ä–∞—Ñ—Ñ–∏—Ç–∏ ‚Äî ¬© BERLIN GRAFFITI ‚Äî‚Ä¶;0
1201880114637737987;berlingraff;Tue Dec 03 15:05:23 +0000 2019;"NOAK ‚Äî #berlin #graffiti #berlingraffiti #graffitiberlin #fotoboom #bombing #berlinstreets #–≥—Ä–∞—Ñ—Ñ–∏—Ç–∏ ‚Äî ¬© BERLIN GRAFFITI ‚Äî FROM ""TRAINS IN TRAFFIC #36"" ON https://t.co/iYfAvtdlyi https://t.co/rI3G7OSPhV https://t.co/n9vnPy0Ter";0
1201860320270012416;Dirk_Matter;Tue Dec 03 13:46:44 +0000 2019;"""All the #FakeNews that fits, we print""‚Äîmotto of @nytimes

#Russian military debunks NYT report on #bombing of civilians in #Syria

#Idlib #Assad #Putin #WhiteHelmets #news
https://t.co/aLriVqvB1S";0
1201859593460211720;RhythmFMBenin;Tue Dec 03 13:43:51 +0000 2019;"#AfternoonDrive  W/  The king @Steavihn + @FemaleDjNicole 

NP ‚ñ∂ Ayeme -  @joezaza0147 ft. #bombing  X @Evidence

#WhereHitMusicLives 
#TheMoreMusicStation";0
1201846641193566208;MCostanza5;Tue Dec 03 12:52:23 +0000 2019;RT @EGagnarli: Support #biodiversity in outdoor spaces. Make wild #flower seed #bombing and create a welcoming environment for #pollinator‚Ä¶;0
1201823245646880770;__subwaysurfer;Tue Dec 03 11:19:25 +0000 2019;RT @berlingraff: REVOLTE CABRIO ‚Äî #berlin #graffiti #berlingraffiti #graffitiberlin #fotoboom #bombing #berlinstreets #–≥—Ä–∞—Ñ—Ñ–∏—Ç–∏ ‚Äî ¬© BERLIN‚Ä¶;0
1201821891528417282;graffiti_bot;Tue Dec 03 11:14:02 +0000 2019;RT @berlingraff: REVOLTE CABRIO ‚Äî #berlin #graffiti #berlingraffiti #graffitiberlin #fotoboom #bombing #berlinstreets #–≥—Ä–∞—Ñ—Ñ–∏—Ç–∏ ‚Äî ¬© BERLIN‚Ä¶;0
1201819741545017344;berlingraff;Tue Dec 03 11:05:29 +0000 2019;"REVOLTE CABRIO ‚Äî #berlin #graffiti #berlingraffiti #graffitiberlin #fotoboom #bombing #berlinstreets #–≥—Ä–∞—Ñ—Ñ–∏—Ç–∏ ‚Äî ¬© BERLIN GRAFFITI ‚Äî FROM ""TRAINS IN TRAFFIC #37"" ON https://t.co/iYfAvtdlyi https://t.co/lCXKjQEuYO https://t.co/uh02mijlo9";0
1201795724201074688;abc_columbia;Tue Dec 03 09:30:03 +0000 2019;#FBI renews quest to find American-born Jehad Serwan Mostafa, one of most wanted terrorists in the world. https://t.co/YO1ZO2NN5H #Bombing #Terrorist;0
1201715872391475200;JustBot7;Tue Dec 03 04:12:45 +0000 2019;RT @PulpNews: #Allan Gerson, #lawyer who sought #justice for Lockerbie #bombing #victims, #dies at 74 - Dec 2 @ 11:06 PM ET https://t.co/u4‚Ä¶;0
1201714935891451904;PulpNews;Tue Dec 03 04:09:02 +0000 2019;#Allan Gerson, #lawyer who sought #justice for Lockerbie #bombing #victims, #dies at 74 - Dec 2 @ 11:06 PM ET https://t.co/u4hU3BreZW;0
1201714588728856576;RubyH32434654;Tue Dec 03 04:07:39 +0000 2019;RT @DrLindaTucker: Our lives can change in an instant. Just ask @RebekahMGregory, who survived the @BostonMarathon #bombing. While she coul‚Ä¶;0
1201712699744239616;_1BUV;Tue Dec 03 04:00:09 +0000 2019;"The New York Times has issued yet another damning #Report, which this time accused Russia of #Bombing what it called a ‚Äòrefugee camp‚Äô in the militant-held Idlib province. The #Russian Defense Ministry called it a ‚Äòfake.‚Äô      

On Sunda ...
 
https://t.co/Lv1oPsMSL6 https://t.co/TkDcJOVgcc";0
1201628473980280836;PizDoff;Mon Dec 02 22:25:28 +0000 2019;"Malta grants pardon to suspected middleman in journalist murder #bombing #Panama

https://t.co/ZrCJdYglOU

huh why..... https://t.co/ZrCJdYglOU";0
1201605110469734413;LCPalenzuela22;Mon Dec 02 20:52:37 +0000 2019;#bombing it to the back of the end zone with Stephen Yaffe @4thDownU https://t.co/sifKjGG5N3;0
1201575243015507969;WoMenFightAS;Mon Dec 02 18:53:56 +0000 2019;"@realBryanLeib @MM_JCCManhattan @ZacharySchaffer @bariweiss @JeffreyGoldberg @MortonAKlein7 Watch. #Jewish #Republicans will ignore everything #Trump does as long as he continues making calculated moves to win over #RightWing #Jews. These #Jews will ignore #bombing #children, tearing #limbs off #kids while they are playing in makeshift #DP camps.
https://t.co/5joCZ7qwRb";0
1201506473999818752;anadoluagency;Mon Dec 02 14:20:40 +0000 2019;"#Bombing injures 3 #Russian servicemen in northern #Syria 

Improvised explosive device goes off during regular joint patrols by Turkish, Russian forces near Ayn al-Arab

https://t.co/X236uicTXu https://t.co/fRWDsVeWwo";0
1201478448029601797;graffiti_noxx;Mon Dec 02 12:29:19 +0000 2019;NOK Graffiti https://t.co/PuWfsGFRLy #Graffiti #cellograff #bombing https://t.co/PaqpSnJIbc Writers Life https://t.co/BBsalR1YIA;0
1201444383029178368;graffiti_bot;Mon Dec 02 10:13:57 +0000 2019;RT @berlingraff: DREAM ‚Äî #berlin #graffiti #berlingraffiti #graffitiberlin #fotoboom #bombing #berlinstreets #–≥—Ä–∞—Ñ—Ñ–∏—Ç–∏ ‚Äî ¬© BERLIN GRAFFITI‚Ä¶;0
1201439693352640513;berlingraff;Mon Dec 02 09:55:19 +0000 2019;"DREAM ‚Äî #berlin #graffiti #berlingraffiti #graffitiberlin #fotoboom #bombing #berlinstreets #–≥—Ä–∞—Ñ—Ñ–∏—Ç–∏ ‚Äî ¬© BERLIN GRAFFITI ‚Äî FROM ""TRAINS IN TRAFFIC #36"" ON https://t.co/iYfAvtdlyi https://t.co/xIHhl0LDXR https://t.co/M6r320yIaF";0
1201412508688498688;2012KatieK;Mon Dec 02 08:07:17 +0000 2019;RT @mummygirl: @ShaunLintern @ShelaghFogarty @Independent We had the midwifery ladies come to our house and tell us of their findings. A de‚Ä¶;0
1201334991046815744;graffiti_noxx;Mon Dec 02 02:59:16 +0000 2019;"PokemonGo Handy Wallpaper https://t.co/vOteOw2PNn ""NOC"" Bio Graff P2 https://t.co/yY4U3MhJVS #Graffiti #cellograff #bombing https://t.co/PaqpSnJIbc";0
1201244299192668162;BloGoalcom;Sun Dec 01 20:58:53 +0000 2019;"#Nation's #Leader #Quits Over Car-#Bombing
https://t.co/CqroXHPtXG https://t.co/DahpjTQJJz";0
1201222571909361664;koolkosta;Sun Dec 01 19:32:33 +0000 2019;"Advent, Advent.. .
.
.
#graffiti #streetart #art #graffitiart #urbanart #graff #graffitiporn #spraypaint #mural #photography #instagraffiti #artist #street #streetphotography #artwork #hiphop #wallart #painting #sprayart #instagraff #urban #bombing #pain‚Ä¶ https://t.co/5f7YHAUq18 https://t.co/JxnNAnvoNq";0
1201165010862403584;BACANCERFIGHTER;Sun Dec 01 15:43:49 +0000 2019;PHILLY STREET ART #brianstrong‚úå #cancerwarrior‚úå #philadelphia #philly #kensington #art #wallart #phillyart #murals #graffiti #phillygraffiti #phillyart #kenzoart #tagging #bombing #spraypaint https://t.co/SeNl9yCUip;0
1201123825905262592;MindanaoMirror;Sun Dec 01 13:00:10 +0000 2019;"The grenade explosion also wounded 11 others inside the college campus. More info here ‚¨áÔ∏è

https://t.co/1G017cY5Jw

#MindanaoDailyMirror #MDM #Misamis #Bombing #InitaoCollege https://t.co/FzukqL2wuK";0
1201049960453693440;CallSaulUS;Sun Dec 01 08:06:39 +0000 2019;"RT @graffiti_noxx: #Bombing https://t.co/4XawQLilEV #youtube #banner #erstellen #long Venom Quick Sketch https://t.co/sBGaQ6p9rZ
 I Graff L‚Ä¶";0
1201048068046688257;graffiti_noxx;Sun Dec 01 07:59:08 +0000 2019;"#Bombing https://t.co/4XawQLilEV #youtube #banner #erstellen #long Venom Quick Sketch https://t.co/sBGaQ6p9rZ
 I Graff Letter Tut https://t.co/ZSiSUJUXpt";0
1201038730959740929;IndieGameGuys;Sun Dec 01 07:22:02 +0000 2019;RT @OKSoft_Games: since we missed #screenshotsaturday, here's a #screenshotsunday morning treat for y'all, getting detected moments before‚Ä¶;0
1201038009107460096;bot_screenshot;Sun Dec 01 07:19:10 +0000 2019;RT @OKSoft_Games: since we missed #screenshotsaturday, here's a #screenshotsunday morning treat for y'all, getting detected moments before‚Ä¶;0
1201036866549616641;ScreenshotSunRT;Sun Dec 01 07:14:37 +0000 2019;RT @OKSoft_Games: since we missed #screenshotsaturday, here's a #screenshotsunday morning treat for y'all, getting detected moments before‚Ä¶;0
1201035914765570049;screenshotsunda;Sun Dec 01 07:10:50 +0000 2019;RT @OKSoft_Games: since we missed #screenshotsaturday, here's a #screenshotsunday morning treat for y'all, getting detected moments before‚Ä¶;0
1201027733536624641;ingare_rev;Sun Dec 01 06:38:20 +0000 2019;RT @OKSoft_Games: since we missed #screenshotsaturday, here's a #screenshotsunday morning treat for y'all, getting detected moments before‚Ä¶;0
1201027153732747264;OKSoft_Games;Sun Dec 01 06:36:02 +0000 2019;"since we missed #screenshotsaturday, here's a #screenshotsunday morning treat for y'all, getting detected moments before an aggressive bomber run in Night Witch: 588

#WW2 #indiedev #madewithunity #shooter #plane #gamedesign #indiegame #IndieGameDev  #bombing #History https://t.co/xUuJos4cgq";0
1200995184521052160;ideatore;Sun Dec 01 04:29:00 +0000 2019;"We do not want such #PabloEscobars in our lives. Because there's no good that comes from them.

 #PabloEmilioEscobarGaviria #Politician #NarcoTerrorist #WealthiestCriminal #DonPablo #IllegalDrugTrade #Assassinations #Bombing #Bribery #Racketeering #Murder  #TheKingofCocaine https://t.co/JNDIrw7Fc1";0
1200936751969263620;podcast_kitchen;Sun Dec 01 00:36:48 +0000 2019;"RT @AllSidesNow: #FromTheRight: ISIS claims responsibility for London Bridge attack | Reporting by @WashTimes 

#ISIS #London #Bombing

htt‚Ä¶";0
1200904859081424896;AllSidesNow;Sat Nov 30 22:30:04 +0000 2019;"#FromTheRight: ISIS claims responsibility for London Bridge attack | Reporting by @WashTimes 

#ISIS #London #Bombing

https://t.co/yWs7ItI7Kb";0
1200897084112744448;BACANCERFIGHTER;Sat Nov 30 21:59:11 +0000 2019;PHILLY STREET ART #brianstrong‚úå #cancerwarrior‚úå #philadelphia #philly #kensington #art #wallart #phillyart #murals #graffiti #phillygraffiti #phillyart #kenzoart #tagging #bombing #spraypaint #streetart https://t.co/PNHzD8jO2z;0
1200896845238743040;BACANCERFIGHTER;Sat Nov 30 21:58:14 +0000 2019;PHILLY STREET ART #brianstrong‚úå #cancerwarrior‚úå #philadelphia #philly #kensington #art #wallart #phillyart #murals #graffiti #phillygraffiti #phillyart #kenzoart #tagging #bombing #spraypaint #streetart https://t.co/r7m5XFKvXa;0
1200874419255758850;graffiti_noxx;Sat Nov 30 20:29:07 +0000 2019;"""NOC"" Bio Graff P1 https://t.co/kcv1XKwUCA https://t.co/kDMn4JJRTD  Blackbook Graff #Bombing I Graff Letter Tut https://t.co/ZSiSUJUXpt";0
1200864775124725760;Civil_Chappy;Sat Nov 30 19:50:48 +0000 2019;"Does #JeremyCorbyn side with #terrorism and #bombing (friend or foe)? No, he is against all uneccessary violence and will try to find other solutions before jumping to the use of violence.

https://t.co/eYAnJyHU0i";0
1200780034883162113;graffiti_bot;Sat Nov 30 14:14:04 +0000 2019;RT @berlingraff: CMD ‚Äî #berlin #graffiti #berlingraffiti #graffitiberlin #fotoboom #bombing #berlinstreets #–≥—Ä–∞—Ñ—Ñ–∏—Ç–∏ ‚Äî ¬© BERLIN GRAFFITI ‚Äî‚Ä¶;0
1200775288621338624;berlingraff;Sat Nov 30 13:55:12 +0000 2019;"CMD ‚Äî #berlin #graffiti #berlingraffiti #graffitiberlin #fotoboom #bombing #berlinstreets #–≥—Ä–∞—Ñ—Ñ–∏—Ç–∏ ‚Äî ¬© BERLIN GRAFFITI ‚Äî FROM ""TRAINS IN TRAFFIC #37"" ON https://t.co/iYfAvtdlyi https://t.co/8oPqgOOfaM https://t.co/Zw5GFEgCPw";0
1200765196966514688;alandp220;Sat Nov 30 13:15:06 +0000 2019;Fantastic story of Manchester #bombing survivor üòäüòäüí™üëèüëè https://t.co/EawaEMR9Xk https://t.co/BgAiTWb4sm;0
1200761235823845377;graffiti_noxx;Sat Nov 30 12:59:22 +0000 2019;Cello Graff https://t.co/iVpyFryVwj #Graffiti_noxx #Bombing K Graff Letter https://t.co/jPcrS45qLo Graff Battle TAPE https://t.co/dylqYwKpnS;0
1200749924188602369;diversityup;Sat Nov 30 12:14:25 +0000 2019;RT @rdntzd: In terms of violence we can record an increase of #diversity. #beating #stabbing #bombing #rocketlaunching;0
1200746601754574848;rdntzd;Sat Nov 30 12:01:13 +0000 2019;In terms of violence we can record an increase of #diversity. #beating #stabbing #bombing #rocketlaunching;0
1200685839610720257;PulpNews;Sat Nov 30 07:59:46 +0000 2019;1999 Cape Town #Bombing Survivor Reflects On Attack, 20 Years Later - Nov 30 @ 2:57 AM ET https://t.co/nmJa5u8fSy;0
1200645505774215168;__subwaysurfer;Sat Nov 30 05:19:30 +0000 2019;RT @graffiti_noxx: #graffiti #Bombing J Graff Letter https://t.co/v8iCtZiZwE https://t.co/8lGM6H3udc #Portfolio #noxx #2k16 A Graff Tut Let‚Ä¶;0
1200644117790892032;graffiti_bot;Sat Nov 30 05:13:59 +0000 2019;RT @graffiti_noxx: #graffiti #Bombing J Graff Letter https://t.co/v8iCtZiZwE https://t.co/8lGM6H3udc #Portfolio #noxx #2k16 A Graff Tut Let‚Ä¶;0
1200640382968700928;graffiti_noxx;Sat Nov 30 04:59:08 +0000 2019;#graffiti #Bombing J Graff Letter https://t.co/v8iCtZiZwE https://t.co/8lGM6H3udc #Portfolio #noxx #2k16 A Graff Tut Letter https://t.co/rY84GPevz0;0
1200610137280376832;graffiti_noxx;Sat Nov 30 02:58:57 +0000 2019;NOk Wall https://t.co/RPOpByUksb https://t.co/kDMn4Jsgv3  Blackbook Graff #Bombing J Graff Letter https://t.co/v8iCtZAAoc;0
1200582841060544514;CallSaulUS;Sat Nov 30 01:10:29 +0000 2019;RT @graffiti_noxx: https://t.co/1mf5mTrKKw Blackbook Graff #Bombing J Graff Letter https://t.co/v8iCtZiZwE https://t.co/9lEsMWXqXR #youtube‚Ä¶;0
1200579978456436738;graffiti_noxx;Sat Nov 30 00:59:07 +0000 2019;https://t.co/1mf5mTrKKw Blackbook Graff #Bombing J Graff Letter https://t.co/v8iCtZiZwE https://t.co/9lEsMWXqXR #youtube #banner #erstellen #timelaps;0
1200579921648783360;RickyBaby321;Sat Nov 30 00:58:53 +0000 2019;"They want to see how much #genocide they can get away with.

Whether it's #bombing #people in the #MiddleEast or the #FarEast, or #starving &amp; #working their own people to #death, they like genocide.

Who are they?  Can they be ""taken out""?  

No.  Not if they can't be identified.";0
1200543494164623360;mummygirl;Fri Nov 29 22:34:08 +0000 2019;@ShaunLintern @ShelaghFogarty @Independent We had the midwifery ladies come to our house and tell us of their findings. A decision the Health Council took, not us. We knew then our circumstances was blatant neglect. #Warrington #bombing;0
1200330792011993088;graffiti_noxx;Fri Nov 29 08:28:56 +0000 2019;PokemonGo Handy Wallpaper https://t.co/vOteOw2PNn #Graffiti #cellograff #bombing https://t.co/PaqpSnJIbc E Graff Letter Tut https://t.co/hNNYeTZmrd;0
1200311898010505216;aleveruz;Fri Nov 29 07:13:51 +0000 2019;"RT @3arabiSouri: Saudi Arabia Begging to be Bombed Again by Yemen, but Harder!

https://t.co/sZ3d6aTpnq 
#SaudiArabia #Yemen #News #AlSaud‚Ä¶";0
1200192490843901952;__subwaysurfer;Thu Nov 28 23:19:22 +0000 2019;RT @graffiti_noxx: #3Graffititipps #graffititipps https://t.co/QQHEe5tAO5 https://t.co/6SUtz6bDoO Blackbook Graff #Graffiti #cellograff #bo‚Ä¶;0
1200191144132587521;graffiti_bot;Thu Nov 28 23:14:01 +0000 2019;RT @graffiti_noxx: #3Graffititipps #graffititipps https://t.co/QQHEe5tAO5 https://t.co/6SUtz6bDoO Blackbook Graff #Graffiti #cellograff #bo‚Ä¶;0
1200187396588998656;graffiti_noxx;Thu Nov 28 22:59:08 +0000 2019;#3Graffititipps #graffititipps https://t.co/QQHEe5tAO5 https://t.co/6SUtz6bDoO Blackbook Graff #Graffiti #cellograff #bombing https://t.co/PaqpSnJIbc;0
1200149745827811329;LyceumWC;Thu Nov 28 20:29:31 +0000 2019;RT @CherylShuman: #Malta #Journalist #Murder #Bombing - Senior government officials resign after businessman arrested on yacht in connectio‚Ä¶;0
1200142451601739777;harinitiative;Thu Nov 28 20:00:32 +0000 2019;"Did you know that Islam is against suicide bombing? Watch the video below to find out more üëáüèΩ
#Islam #against #suicide #bombing #harmonyinitiative
 https://t.co/IIBadZzOON";0
1200138812472606720;sanshui596;Thu Nov 28 19:46:05 +0000 2019;"RT @sanshui596: The Look of Love

#Graffiti #artist &amp; #comedian @PatrickJMonahan with his partner in crime @lilylovett

#streetart #art #gr‚Ä¶";0
1200116438759022593;SteadyGaming__;Thu Nov 28 18:17:10 +0000 2019;RT @berlingraff: ACF ‚Äî #berlin #graffiti #berlingraffiti #graffitiberlin #fotoboom #bombing #berlinstreets #–≥—Ä–∞—Ñ—Ñ–∏—Ç–∏ ‚Äî ¬© BERLIN GRAFFITI ‚Äî‚Ä¶;0
1200116438759022593;SteadyGaming__;Thu Nov 28 18:17:10 +0000 2019;RT @berlingraff: ACF ‚Äî #berlin #graffiti #berlingraffiti #graffitiberlin #fotoboom #bombing #berlinstreets #–≥—Ä–∞—Ñ—Ñ–∏—Ç–∏ ‚Äî ¬© BERLIN GRAFFITI ‚Äî‚Ä¶;0
1200075033709809665;69mangoman;Thu Nov 28 15:32:39 +0000 2019;RT @berlingraff: ACF ‚Äî #berlin #graffiti #berlingraffiti #graffitiberlin #fotoboom #bombing #berlinstreets #–≥—Ä–∞—Ñ—Ñ–∏—Ç–∏ ‚Äî ¬© BERLIN GRAFFITI ‚Äî‚Ä¶;0
1200074912964194305;berlingraff;Thu Nov 28 15:32:10 +0000 2019;"ACF ‚Äî #berlin #graffiti #berlingraffiti #graffitiberlin #fotoboom #bombing #berlinstreets #–≥—Ä–∞—Ñ—Ñ–∏—Ç–∏ ‚Äî ¬© BERLIN GRAFFITI ‚Äî FROM ""BERLINS FRESH TRASH #3"" ON https://t.co/iYfAvtdlyi https://t.co/P4VPJobsE1 https://t.co/MYWOjIsyJ4";0
